STN-ID,STN-NAME,DISTRICT,LAT,LON,ELEVATION (M),BEGIN-DATE,END-DATE
00000301,'MALIBODA','KEGALLE',6.88 N,80.43 E,274.4,1913-08-01,9999-12-31
0001an44,'RATHMALGAMUWA','ANURADHAPURA',6.23 N,80.30 E,250.0,2006-07-12,9999-12-31
00043400,'KANKESANTURAI','JAFFNA',9.80 N,80.07 E,16.0,1868-01-01,9999-12-31
00043404,'JAFFNA','JAFFNA',9.68 N,80.03 E,3.1,1871-01-14,9999-12-31
00043410,'MULLAITIVU','MULLAITIVU',9.25 N,80.82 E,13.0,1868-01-01,9999-12-31
00043413,'MANNAR','MANNAR',8.98 N,79.92 E,3.6,1870-05-01,9999-12-31
00043415,'VAVUNIYA','VAVUNIYA',8.75 N,80.50 E,97.5,1880-09-01,9999-12-31
00043418,'TRINCOMALEE','TRINCOMALEE',8.58 N,81.25 E,23.9,1869-01-01,9999-12-31
00043421,'ANURADHAPURA','ANURADHAPURA',8.35 N,80.38 E,92.5,1870-05-08,9999-12-31
00043422,'MAHA ILLUPPALLAMA','ANURADHAPURA',8.12 N,80.47 E,117.2,1868-01-01,9999-12-31
00043424,'PUTTALAM','PUTTALAM',8.03 N,79.83 E,2.1,1869-01-01,9999-12-31
00043436,'BATTICALOA','BATTICALOA',7.72 N,81.70 E,7.8,1869-02-01,9999-12-31
00043441,'KURUNEGALA','KURUNEGALA',7.47 N,80.37 E,116.1,1885-06-01,9999-12-31
00043444,'KATUGASTOTA','KANDY',7.33 N,80.63 E,417.1,1868-01-01,9999-12-31
00043450,'KATUNAYAKA','GAMPAHA',7.17 N,79.88 E,8.5,1868-01-01,9999-12-31
00043466,'COLOMBO','COLOMBO',6.90 N,79.87 E,7.3,1869-07-01,9999-12-31
00043467,'RATMALANA','COLOMBO',6.82 N,79.88 E,5.0,1868-01-01,9999-12-31
00043473,'NUWARA ELIYA','NUWARA ELIYA',6.97 N,80.77 E,1893.6,1869-01-10,9999-12-31
00043476,'DIYATALAWA','BADULLA',6.82 N,80.97 E,0.0,1901-01-01,1990-08-18
00043479,'BADULLA','BADULLA',6.98 N,81.05 E,669.6,1868-09-01,9999-12-31
00043486,'RATNAPURA','RATNAPURA',6.68 N,80.40 E,34.4,1869-09-01,9999-12-31
00043495,'GALLE','GALLE',6.03 N,80.22 E,12.5,1869-01-01,9999-12-31
00043497,'HAMBANTOTA','HAMBANTOTA',6.12 N,81.13 E,15.5,1869-01-01,9999-12-31
00043999,'POTTUVIL','MONARAGALA',6.88 N,81.83 E,3.6,1868-01-01,9999-12-31
00043MMM,'MONARAGALA','MONARAGALA',6.50 N,81.30 E,165.0,2009-03-01,9999-12-31
00043PPP,'POLONNARUWA','POLONNARUWA',7.87 N,81.05 E,43.0,2009-02-01,9999-12-31
00143444,"'KANDY, OLD MET'",'KANDY',11.18 N,11.18 E,16.0,1868-01-01,1953-02-28
00143476,'BANDARAWELA','BADULLA',6.82 N,80.97 E,1225.3,1990-08-20,9999-12-31
01AM0012,'AMPARAI TANK','AMPARAI',7.28 N,81.67 E,27.4,1879-01-01,9999-12-31
01AM001C,'AKKARAIPATTU','AMPARAI',7.22 N,81.85 E,16.0,1993-04-01,9999-12-31
01AM001E,'ADDALACHENAI','AMPARAI',7.23 N,81.85 E,0.0,2002-10-01,9999-12-31
01AM0054,'BURROW AREA CAMP','AMPARAI',7.22 N,81.52 E,16.0,1952-01-01,1955-12-31
01AM0060,'CHADIYANTALAWA','AMPARAI',7.38 N,81.73 E,16.0,1879-01-01,1968-12-31
01AM012A,"'AMPARA,HARDY TECHNICAL'",'AMPARAI',7.28 N,81.65 E,0.0,1993-06-01,9999-12-31
01AM0182,'IRAKKAMAN (ERAGAMA)','AMPARAI',7.25 N,81.73 E,12.2,1869-01-01,9999-12-31
01AM0269,'LAHUGALA TANK','AMPARAI',6.88 N,81.70 E,16.0,1911-02-01,1987-03-31
01AM0293,'MAHA OYA','AMPARAI',7.53 N,81.37 E,16.0,1914-02-01,9999-12-31
01AM0376,'TIRUKKOVIL ESTATE','AMPARAI',7.12 N,81.85 E,16.0,1914-01-01,1955-12-31
01AM0404,'PANAWA TANK','AMPARAI',6.75 N,81.77 E,16.0,1911-02-01,1991-01-31
01AM0455,'ROTAWEWA TANK','AMPARAI',6.92 N,81.80 E,16.0,1887-01-01,9999-12-31
01AM0456,'RUFUSKULAM TANK','AMPARAI',7.08 N,81.78 E,16.0,1931-05-01,1990-04-30
01AM0459,'SAGAMAM TANK','AMPARAI',7.13 N,81.80 E,16.0,1879-01-01,9999-12-31
01AM0463,'SENGAPODDI','AMPARAI',7.30 N,81.78 E,16.0,1938-02-01,9999-12-31
01AM126C,'GALMADUWA','AMPARAI',0.00 N,0.00 E,0.0,2010-01-01,9999-12-31
01AM163A,'HINGURANA','AMPARAI',7.23 N,81.65 E,35.0,2010-05-01,9999-12-31
01AM257A,'KUDASIGIRIYA','AMPARAI',7.68 N,81.13 E,0.0,1993-01-01,9999-12-31
01AM361A,'NAMAL OYA','AMPARAI',7.63 N,81.13 E,0.0,1997-01-07,9999-12-31
01AM368B,'NAVATKIRI ARU TANK','AMPARAI',7.47 N,81.72 E,16.0,1941-01-01,9999-12-31
01AM373A,'NEETHTHA','AMPARAI',0.00 N,0.00 E,0.0,2009-08-01,9999-12-31
01AM459A,'SAMANTHURAI','AMPARAI',7.37 N,81.68 E,0.0,2002-10-01,9999-12-31
01AM493B,'THIRUKK0VIL','AMPARAI',7.07 N,81.82 E,5.0,2006-06-08,9999-12-31
01am509A,'UHANA','AMPARAI',7.35 N,81.63 E,35.0,2007-11-16,9999-12-31
01AM509B,'UHANA COCONUT','AMPARAI',7.37 N,81.62 E,16.0,1991-12-01,9999-12-31
01AN0019,'ANURADHAPURA EXPL STN','ANURADHAPURA',8.37 N,80.42 E,91.5,1920-01-01,9999-12-31
01AN0141,'HABARANA','ANURADHAPURA',8.05 N,80.77 E,16.0,1964-01-01,1991-05-31
01AN0172,"'HOROWUPATHANA,PERIPHERAL'",'ANURADHAPURA',8.55 N,80.83 E,60.0,1889-09-01,1963-12-31
01AN0176,'IHALA HALMILLEWA','ANURADHAPURA',8.15 N,80.35 E,16.0,1936-11-01,1973-11-30
01AN0193,'KAHATAGASDIGILIYA','ANURADHAPURA',8.43 N,80.68 E,16.0,1941-01-01,1973-10-31
01AN0197,'KALAWEWA TANK','ANURADHAPURA',8.00 N,80.53 E,122.0,1888-12-01,9999-12-31
01AN019B,'ANURADHAPURA-MET 19B','ANURADHAPURA',8.35 N,80.38 E,102.0,1879-01-01,1891-12-31
01AN0227,'KEBETHIGOLLEWA','ANURADHAPURA',8.63 N,80.67 E,100.6,1920-04-01,1985-12-31
01AN0233,'KEKIRAWA','ANURADHAPURA',8.03 N,80.60 E,16.0,1938-04-01,1940-12-31
01AN0243,'KIRALOGAMA','ANURADHAPURA',8.20 N,80.38 E,16.0,1941-09-01,1963-01-31
01AN0252,'KOPAKULAMA','ANURADHAPURA',8.40 N,80.40 E,16.0,1951-01-01,1967-12-31
01AN0263,'KURUNDANKULAMA','ANURADHAPURA',8.35 N,80.47 E,16.0,1940-10-01,1963-12-31
01AN0282,'MADUTUGAMA','ANURADHAPURA',7.95 N,80.63 E,16.0,1951-05-01,1961-12-31
01AN0283,'MEDAWACHCHIYA-HOSPITAL','ANURADHAPURA',8.53 N,80.50 E,16.0,1890-07-01,1988-11-30
01AN0284,'MEDAWACHCHIYA-E.P.','ANURADHAPURA',8.55 N,80.48 E,16.0,1951-01-01,9999-12-31
01AN0298,'MAHAWILACHCHI','ANURADHAPURA',8.48 N,80.18 E,16.0,1953-01-01,1983-12-31
01AN0312,'MARADANKADAWELA','ANURADHAPURA',8.13 N,80.57 E,16.0,1888-12-01,9999-12-31
01AN0333,'MIHINTALE','ANURADHAPURA',8.35 N,80.52 E,16.0,1880-01-01,9999-12-31
01AN0358,'NACHCHADUWA','ANURADHAPURA',8.25 N,80.47 E,16.0,1905-09-01,9999-12-31
01AN0380,'NOCHCHIYAGAMA','ANURADHAPURA',8.27 N,80.20 E,16.0,1948-01-01,9999-12-31
01AN0410,'PARASANGAHAWEWA','ANURADHAPURA',8.45 N,80.43 E,16.0,1951-05-01,1964-10-31
01AN0447,'RANORUWEWA','ANURADHAPURA',8.37 N,80.23 E,16.0,1947-12-01,1984-01-31
01AN0461,'SANGILIKANDARAWA','ANURADHAPURA',8.52 N,80.53 E,16.0,1912-04-01,1967-09-30
01AN0485,'TALAWA','ANURADHAPURA',8.23 N,80.35 E,16.0,1952-01-01,1958-04-30
01AN0487,'TAMBUTTEGAMA','ANURADHAPURA',8.15 N,80.30 E,16.0,1951-02-01,9999-12-31
01AN0527,'WAHALKADA','ANURADHAPURA',8.72 N,80.85 E,16.0,1951-01-01,1969-12-31
01AN0538,'WELIKANDA','ANURADHAPURA',7.95 N,81.25 E,16.0,1942-01-01,1973-06-30
01an074A,'DAMBULU OYA','MATALE',7.85 N,80.62 E,16.0,1991-12-01,9999-12-31
01AN104A,'EHETUGASWEWA','MULLAITIVU',8.97 N,80.83 E,1111.0,1990-03-01,9999-12-31
01AN105B,'ELAYAPATHTHUWA','ANURADHAPURA',8.40 N,80.32 E,16.0,1978-12-01,9999-12-31
01AN109B,'ELAYAPATHUWA-NLDB FARM','ANURADHAPURA',8.42 N,80.25 E,0.0,2004-01-01,9999-12-31
01AN112A,'EPPAWALA WATER SUPPLY','ANURADHAPURA',8.13 N,80.40 E,0.0,1994-01-01,9999-12-31
01AN124A,'GALKIRIYAGAMA','ANURADHAPURA',7.93 N,80.57 E,16.0,1991-12-01,9999-12-31
01AN126B,'GALNAVA','ANURADHAPURA',8.03 N,80.48 E,16.0,1991-11-01,1992-12-31
01AN141A,'HABARANA LODGE','ANURADHAPURA',8.05 N,80.77 E,0.0,2001-04-01,9999-12-31
01AN172C,"'HOROWUPATANA,AGA OFFICE'",'ANURADHAPURA',8.55 N,80.15 E,16.0,1977-10-01,9999-12-31
01AN172D,"'HOROWUPATANA,IHALAGAMA'",'ANURADHAPURA',8.53 N,80.80 E,0.0,1985-10-24,9999-12-31
01AN172D,"'HOROWUPATANA,IHALAGAMA'",'ANURADHAPURA',8.53 N,80.80 E,0.0,1985-10-24,9999-12-31
01AN174A,'HURULUWEWA','ANURADHAPURA',8.22 N,80.72 E,16.0,1948-01-01,1968-04-30
01AN193A,'KAHATAGASDIGILIYA  W/S','ANURADHAPURA',8.42 N,80.68 E,0.0,1994-01-01,9999-12-31
01AN197A,'KALAWEWA COCONUT','ANURADHAPURA',8.02 N,80.53 E,16.0,1993-05-01,9999-12-31
01AN210A,'KANDEGAMA','ANURADHAPURA',7.97 N,80.48 E,16.0,1957-03-01,1960-02-28
01AN227A,'KEBITHIGOLLEWA W/S','ANURADHAPURA',8.63 N,80.67 E,0.0,1995-02-01,9999-12-31
01AN233A,'KEKIRAWA WATER SUPPLY','ANURADHAPURA',8.03 N,80.58 E,0.0,1994-01-01,9999-12-31
01AN289A,'MAHA BULANKULAMA','ANURADHAPURA',8.28 N,80.32 E,16.0,1957-02-01,1963-12-31
01AN291A,'MAHA ILUPPALLAMA TANK','ANURADHAPURA',8.10 N,80.47 E,16.0,1905-01-01,1958-04-30
01AN291B,'MAHAILLUPPALLAMA  S/F','ANURADHAPURA',8.10 N,80.45 E,0.0,1994-01-01,9999-12-31
01AN323A,'MEDAWACHCHIYA W/S','ANURADHAPURA',8.53 N,80.48 E,0.0,1994-01-01,9999-12-31
01AN333B,'MIHINTALE W/S','ANURADHAPURA',8.37 N,80.50 E,0.0,1995-06-01,9999-12-31
01AN385C,'OLUKARANDA','ANURADHAPURA',8.07 N,80.58 E,16.0,1952-01-01,1965-12-31
01AN410A,'PARASANGAHAWEWA FARM','ANURADHAPURA',8.45 N,80.38 E,110.0,2003-01-01,9999-12-31
01AN449B,'RATHMALGAHA-WEWA','ANURADHAPURA',6.23 N,80.30 E,250.0,2006-07-12,9999-12-31
01AN461B,'SEEPPUKULAM','ANURADHAPURA',6.37 N,80.55 E,275.0,2006-04-20,9999-12-31
01AN466B,'SINGHAPURA','TRINCOMALEE',8.93 N,80.87 E,0.0,1998-01-01,9999-12-31
01AN485C,"'TALAWA, IRRIGATION'",'ANURADHAPURA',8.23 N,80.33 E,0.0,1994-01-01,9999-12-31
01AN487A,'THAMMENNAWA','ANURADHAPURA',8.37 N,80.60 E,0.0,1993-01-01,9999-12-31
01AN497A,'TIKKUVIL','ANURADHAPURA',11.18 N,11.18 E,16.0,1957-03-01,1982-12-31
01AN527B,'WAHALKADA','ANURADHAPURA',8.73 N,80.85 E,0.0,1997-12-01,9999-12-31
01BD0006,'ALUTHNUWARA','BADULLA',7.32 N,81.00 E,92.0,1899-10-01,9999-12-31
01BD0034,'BANDARA ELIYA ESTATE','BADULLA',6.78 N,81.02 E,0.0,1935-01-01,9999-12-31
01BD0036,'BANDARAWELA-IRRIGATION','BADULLA',6.83 N,80.98 E,1219.5,1947-04-01,9999-12-31
01BD0039,'BATHMEDILLA','BADULLA',7.07 N,80.97 E,1219.5,1941-11-01,1973-02-28
01BD0047,'BLACKWOOD ESTATE (LOWER)','BADULLA',6.77 N,80.93 E,16.0,1923-03-01,1976-10-31
01BD0050,'BORALANDA','BADULLA',6.85 N,81.03 E,16.0,1942-01-01,1955-01-31
01BD0052,'BULUPITIYA SCHOOL','BADULLA',7.25 N,81.35 E,16.0,1952-11-01,1967-11-30
01BD0079,'DEBEDDE ESTATE','BADULLA',6.95 N,81.12 E,16.0,1925-11-01,9999-12-31
01BD009A,'AMBARAGALA','BADULLA',6.75 N,80.98 E,0.0,1998-06-01,9999-12-31
01BD0102,'DYRABBA ESTATE','BADULLA',6.88 N,80.93 E,1299.5,1914-03-01,9999-12-31
01BD0105,'EKIRIYANKUMBURA','BADULLA',7.30 N,81.23 E,16.0,1943-01-01,1977-07-31
01BD0108,'ELLA (KINNELAN ESTATE)','BADULLA',6.87 N,81.05 E,1006.1,1926-04-01,9999-12-31
01BD0112,'ERABEDDE EXPTL.STATION','BADULLA',11.18 N,*****,16.0,1941-01-01,1977-10-30
01BD0134,'GINNIHERIYA(HORTON PLNS)','BADULLA',6.80 N,80.83 E,16.0,1937-01-01,1975-01-31
01BD0140,'GOURRAKELLE','BADULLA',6.90 N,81.08 E,1189.0,1877-01-01,1991-05-31
01BD0152,'HAPUTALE HOSPITAL','BADULLA',6.78 N,80.97 E,16.0,1886-01-01,1982-11-30
01BD0164,'HINGURUGAMA WATER SUPPLY','BADULLA',6.97 N,81.10 E,16.0,1938-10-01,1980-05-31
01BD0168,'HORABORAWEWA','BADULLA',7.37 N,81.00 E,16.0,1909-11-01,1984-07-31
01BD0207,'KANDAKETIYA','BADULLA',7.17 N,81.02 E,16.0,1947-04-01,9999-12-31
01BD0229,'KEENAKELLE ESTATE','BADULLA',7.05 N,81.02 E,1432.9,1921-04-01,9999-12-31
01BD0231,'KEHELLANDAWEWA','BADULLA',11.18 N,11.18 E,16.0,1932-01-01,1963-12-31
01BD0242,'KINIGAMA','BADULLA',6.83 N,81.05 E,16.0,1941-01-01,1992-11-30
01BD0247,'KIRKLEES ESTATE','BADULLA',6.98 N,80.93 E,1432.9,1934-02-01,9999-12-31
01BD0254,"'KOSLANDA,POLICE STATION'",'BADULLA',6.73 N,81.02 E,16.0,1896-07-01,9999-12-31
01BD0260,'KUMBUKKAN','BADULLA',6.80 N,81.28 E,16.0,1891-02-01,1963-12-31
01BD0271,'LEDGERWATTE ESTATE','BADULLA',7.03 N,81.02 E,16.0,1893-11-01,9999-12-31
01BD0272,'LEMASTOTA','BADULLA',6.75 N,81.00 E,16.0,1930-01-01,1963-12-31
01BD0277,'LOWER SPRING VALLEY','BADULLA',6.92 N,81.10 E,16.0,1884-08-01,9999-12-31
01BD0279,'LUGALOYA','BADULLA',11.18 N,11.18 E,16.0,1932-12-01,1963-07-31
01BD0280,'LUNUGALA ESTATE','BADULLA',6.80 N,81.05 E,16.0,1914-03-01,1963-09-30
01BD0290,'MAHADOWA ESTATE','BADULLA',7.02 N,81.17 E,16.0,1902-02-01,9999-12-31
01BD0324,'MEDDEGODDE ESTATE','BADULLA',11.18 N,11.18 E,16.0,1922-01-01,1972-12-31
01BD0327,'MEERIABEDDE','BADULLA',6.77 N,81.03 E,16.0,1872-09-01,1963-12-31
01BD0363,'NANUPURAWA SCHOOL','BADULLA',11.18 N,11.18 E,16.0,1952-11-01,1970-07-31
01BD0366,'NARANGALLA(BADULLA)','BADULLA',7.05 N,81.00 E,16.0,1929-04-01,9999-12-31
01BD0384,'OHIYA','BADULLA',6.82 N,80.85 E,16.0,1921-01-01,1969-12-31
01BD038A,'BATHGODA-HALDUMMULLA','BADULLA',6.77 N,80.90 E,11.0,1990-07-01,9999-12-31
01BD0411,'PASSARA HOSPITAL','BADULLA',6.93 N,81.17 E,16.0,1899-08-01,1966-12-31
01BD042B,'BEAUVAIS ESTATE','BADULLA',6.78 N,80.90 E,0.0,1996-08-01,9999-12-31
01BD0479,'STRATHEDEN ESTATE','BADULLA',6.88 N,81.02 E,16.0,1912-05-01,1973-12-31
01BD0480,'SUDUPANAWELA','BADULLA',6.77 N,81.20 E,16.0,1909-03-01,1977-09-30
01BD048B,'BOGAHAMADITTA','BADULLA',6.97 N,81.05 E,111.0,1991-04-01,9999-12-31
01BD0504,'UDAHENA ESTATE','BADULLA',6.77 N,81.07 E,16.0,1878-04-01,1971-12-31
01BD0511,'UPPER OHIYA ESTATE','BADULLA',6.78 N,80.85 E,16.0,1902-05-01,1992-09-30
01BD0514,'UVA ESTATE','BADULLA',7.15 N,81.12 E,16.0,1924-07-01,1966-05-31
01BD0539,'WELIMADA GROUP','BADULLA',6.90 N,80.90 E,16.0,1941-01-01,9999-12-31
01BD0541,'WEST HAPUTALE-UDAVERIYA','BADULLA',6.78 N,80.83 E,1707.0,1925-04-01,9999-12-31
01BD0545,'WEWESSA ESTATE','BADULLA',6.97 N,81.10 E,16.0,1913-08-01,9999-12-31
01BD058A,'CANAWARELLA GROUP','BADULLA',6.90 N,81.12 E,1237.8,1941-01-01,9999-12-31
01BD068B,'COLCONDA DIVISION','BADULLA',6.75 N,80.93 E,0.0,1996-08-01,9999-12-31
01BD074D,'DAMBATENNE','BADULLA',6.78 N,81.00 E,1566.0,1996-08-01,9999-12-31
01BD082A,'DELIWA','BADULLA',11.18 N,11.18 E,16.0,1953-01-01,1965-12-31
01BD090A,'DIVULAPELLESSA','BADULLA',7.57 N,80.98 E,0.0,1996-03-01,9999-12-31
01BD093A,'DIYATALAWA-SURVEY CAMP','BADULLA',6.82 N,80.97 E,111.0,1990-10-01,9999-12-31
01BD126A,'GALOOLA ESTATE','BADULLA',7.07 N,81.15 E,16.0,1972-04-01,9999-12-31
01BD127A,'GALPURAYAYA - G/KOTTE','BADULLA',7.45 N,81.02 E,125.0,2002-12-01,9999-12-31
01BD131A,'GLENANORE','BADULLA',6.77 N,80.92 E,1392.0,1996-08-01,9999-12-31
01BD134C,'GIRANDURUKOTTE W/S','BADULLA',7.45 N,81.08 E,0.0,1995-06-01,9999-12-31
01BD134E,'GIRADURUKOTTE','BADULLA',7.45 N,81.02 E,80.0,2006-03-01,9999-12-31
01BD135A,'GLEN ALPIN ESTATE','BADULLA',6.95 N,81.08 E,0.0,1993-01-01,9999-12-31
01BD139B,'GONAMOTAVA','BADULLA',6.78 N,80.98 E,1348.0,1996-08-01,9999-12-31
01BD152A,'HAPUTALE FACTORY','BADULLA',6.77 N,80.95 E,1418.0,1996-08-01,9999-12-31
01BD152B,'HAPUTALE REGIONAL OFFICE','BADULLA',6.78 N,80.97 E,0.0,1996-08-01,9999-12-31
01BD157A,'HEMBARAWA','BADULLA',7.52 N,80.97 E,0.0,1996-03-01,9999-12-31
01BD159B,'HILPANKANDURA ESTATE','BADULLA',7.52 N,80.15 E,16.0,1992-04-01,9999-12-31
01BD180A,'INGINIYAGALA','BADULLA',7.22 N,81.53 E,16.0,1956-01-01,1977-08-31
01BD193B,'KAHAGALLA ESTATE','BADULLA',6.78 N,80.97 E,0.0,1996-08-01,9999-12-31
01BD218A,'KARANDAGAMA','BADULLA',6.92 N,81.23 E,16.0,1954-04-01,1969-08-31
01BD254A,'KOSLANDA ESTATE','BADULLA',6.73 N,81.08 E,0.0,1998-08-01,9999-12-31
01BD310A,'MAPAKADAWEWA','BADULLA',7.27 N,81.03 E,16.0,1941-01-01,9999-12-31
01BD317Q,'RANTEMBE','BADULLA',7.20 N,80.93 E,0.0,1997-04-01,9999-12-31
01BD330C,'MICKLEFIELD FARM','GALLE',6.85 N,80.88 E,0.0,1993-01-01,9999-12-31
01BD353C,'MULLEGAMA','BADULLA',11.18 N,11.18 E,16.0,1953-03-01,1959-12-31
01BD368C,'NAYABEDDE BUNGALOW','BADULLA',6.80 N,80.98 E,0.0,1996-08-01,9999-12-31
01BD368D,'NAYABEDDE','BADULLA',6.80 N,80.00 E,0.0,1996-08-01,9999-12-31
01BD377A,'NILGALA','BADULLA',7.18 N,81.37 E,16.0,1956-01-01,1971-11-30
01BD411A,'PASSARA ESTATE','BADULLA',6.93 N,81.17 E,0.0,1995-05-01,9999-12-31
01BD411B,'PASSARA TEA SHAKTHI','BADULLA',6.95 N,81.20 E,0.0,2005-10-01,9999-12-31
01BD424C,'PITARAT MALAI ESTATE','BADULLA',6.78 N,80.98 E,1524.0,1996-08-01,9999-12-31
01BD428C,"'POONAGALA, PG DIVISION'",'BADULLA',6.78 N,81.05 E,0.0,1997-01-07,9999-12-31
01BD428D,"'POONAGALA, LLG DIV'",'BADULLA',6.77 N,81.03 E,0.0,1997-01-07,9999-12-31
01BD428E,"'POONAGALA, CG DIVISION'",'BADULLA',6.75 N,81.03 E,0.0,1997-01-07,9999-12-31
01BD428F,"'POONAGALA GROUP, FACTORY'",'BADULLA',6.77 N,81.03 E,0.0,1997-01-07,9999-12-31
01BD428G,"'POONAGALA, MCL DIV'",'BADULLA',6.73 N,81.05 E,0.0,1997-01-07,9999-12-31
01BD428H,"'POONAGALA, BTN DIV'",'BADULLA',6.80 N,81.05 E,0.0,1997-01-07,9999-12-31
01BD428I,"'POONAGALA, ULG DIV'",'BADULLA',6.78 N,81.03 E,0.0,1997-01-07,9999-12-31
01BD428J,"'POONAGALA, FACTORY DIV'",'BADULLA',6.77 N,81.05 E,0.0,1997-01-07,9999-12-31
01BD428K,"'POONAGALA, UH DIVISION'",'BADULLA',6.75 N,81.05 E,0.0,1997-01-07,9999-12-31
01BD452A,'RIDIMALIYADDA','BADULLA',7.22 N,80.12 E,200.0,2008-06-27,9999-12-31
01BD473C,'ST.CATHERINE DIVISION','BADULLA',6.78 N,81.02 E,0.0,1996-08-01,9999-12-31
01BD483A,'TELBEDDA ESTATE','BADULLA',6.97 N,81.10 E,958.0,2010-04-01,9999-12-31
01BD501B,'TISSAPURA','BADULLA',7.30 N,81.08 E,150.0,2008-06-27,9999-12-31
01BD545A,'WEWESSE MIDDLE DIVISION','BADULLA',6.95 N,81.10 E,0.0,1997-05-01,9999-12-31
01BT0027,'AYITHIYAMALAI','BATTICALOA',7.67 N,81.57 E,16.0,1945-06-01,1970-02-28
01BT0191,'KADUKKAMUNAI','BATTICALOA',7.60 N,81.75 E,3.0,1908-12-01,9999-12-31
01BT0198,'KALMUNAI','BATTICALOA',7.42 N,81.83 E,3.0,1879-01-01,9999-12-31
01BT0206,'KANAKADU','BATTICALOA',7.25 N,81.63 E,16.0,1911-08-01,1967-09-30
01BT0217,'KARADIYAN ARU','BATTICALOA',7.70 N,81.53 E,16.0,1938-01-01,1971-10-31
01BT0261,'KUMANA','BATTICALOA',6.52 N,81.70 E,16.0,1943-03-01,1963-12-31
01BT0304,'MANALPITI ARU ANICUT','BATTICALOA',7.57 N,81.68 E,16.0,1895-03-01,1984-10-31
01BT0357,'MYLAMBAVELLY ESTATE','BATTICALOA',7.77 N,81.63 E,16.0,1935-04-01,1962-05-31
01BT0368,'NAULA TANK','BATTICALOA',6.80 N,81.78 E,16.0,1911-02-01,1936-07-31
01BT0369,'NAVATKIRI AAR','BATTICALOA',7.47 N,81.72 E,16.0,1928-04-01,1985-05-31
01BT0372,'NEETHAIKULAM','BATTICALOA',7.18 N,81.75 E,16.0,1927-09-01,1976-12-31
01BT0408,'PARAGAHAKELLE','BATTICALOA',7.25 N,81.62 E,16.0,1959-01-01,1960-03-31
01BT0431,'POTTUVIL ESTATE','BATTICALOA',6.88 N,81.83 E,16.0,1927-01-01,1954-11-30
01BT0434,'PUNANI','BATTICALOA',7.95 N,81.35 E,16.0,1990-01-01,1991-04-30
01BT0468,'SITTANDIKUDI','BATTICALOA',7.82 N,81.57 E,16.0,1952-02-01,1964-09-30
01BT0494,'THOTTAMA','BATTICALOA',7.12 N,81.68 E,16.0,1944-01-01,1971-06-30
01BT0495,'THUMPENKENI TANK','BATTICALOA',7.53 N,81.77 E,16.0,1901-07-01,1990-03-31
01BT0497,'TIMITAR ESTATE','BATTICALOA',7.02 N,81.87 E,16.0,1925-03-01,1963-09-30
01BT0510,'UNICHCHAI TANK','BATTICALOA',7.62 N,81.55 E,16.0,1901-06-01,1978-12-31
01BT0515,'VAKANERI','BATTICALOA',7.92 N,81.43 E,16.0,1901-01-01,1972-11-30
01BT0516,'VALACHCHENAI','BATTICALOA',7.92 N,81.53 E,16.0,1938-04-01,9999-12-31
01BT0524,'VIRAGODA','BATTICALOA',7.37 N,81.70 E,16.0,1909-01-01,1976-12-31
01BT0536,'WAWINNA','BATTICALOA',7.23 N,81.57 E,16.0,1952-01-01,1963-09-30
01BT197B,'KALKUDAH','BATTICALOA',7.88 N,81.55 E,0.0,1996-07-01,9999-12-31
01BT206A,'KANDAKADUTARAI','BATTICALOA',8.07 N,81.15 E,16.0,1953-11-01,1966-08-31
01BT244B,'KIRANKULAM','BATTICALOA',7.60 N,81.77 E,2.0,2005-09-29,9999-12-31
01BT410B,'PASSIKUDA','BATTICALOA',7.93 N,81.55 E,5.0,2005-04-29,9999-12-31
01BT419A,'PERIYA ARU','BATTICALOA',7.50 N,81.50 E,16.0,1941-01-01,1963-12-31
01CB0003,'ALEXANDRA ESTATE','COLOMBO',7.08 N,79.90 E,16.0,1939-01-01,1979-12-31
01CB0016,'ANGODA MENTAL HOSPITAL','COLOMBO',6.93 N,79.92 E,15.2,1930-04-01,9999-12-31
01CB0025,'AVISSAWELLA ESTATE','COLOMBO',6.92 N,80.18 E,228.7,1897-01-01,9999-12-31
01CB0026,'AVISSAWELLA HOSPITAL','COLOMBO',6.95 N,80.22 E,30.5,1879-01-01,9999-12-31
01CB0038,'BATTARAMULLA','COLOMBO',6.90 N,79.92 E,15.0,2007-04-05,9999-12-31
01CB0067,'COLOMBO-ELIE HOUSE','COLOMBO',6.97 N,79.87 E,16.0,1919-11-01,1975-02-28
01CB0068,'COLOMBO-FORT (S.G.O)','COLOMBO',6.93 N,79.85 E,16.0,1943-01-01,1987-06-30
01CB0069,"'COLOMBO,MALIGAKANDA'",'COLOMBO',6.98 N,79.87 E,16.0,1894-01-01,1973-02-28
01CB0080,'DEHIWALA ZOO','COLOMBO',6.85 N,79.87 E,16.0,1936-09-10,9999-12-31
01CB0119,'FRANKLANDS ESTATE','GAMPAHA',7.18 N,80.05 E,16.0,1887-03-01,1973-10-31
01CB0150,'HANWELLA GROUP','COLOMBO',6.88 N,80.12 E,16.0,1932-06-01,9999-12-31
01CB0174,'HUNUPITIYA','COLOMBO',6.98 N,79.90 E,16.0,1937-01-01,1963-12-31
01CB0179,'INDIKADE','COLOMBO',6.88 N,80.15 E,16.0,1941-01-01,9999-12-31
01CB0268,'LABUGAMA TANK','COLOMBO',6.83 N,80.18 E,16.0,1879-07-08,9999-12-31
01CB0347,'MORATUWA','COLOMBO',6.78 N,79.88 E,16.0,1927-01-01,1963-12-31
01CB038B,'BATTARAMULLA','COLOMBO',6.90 N,79.92 E,15.0,2007-04-05,9999-12-31
01CB0390,'ORUWALA','COLOMBO',6.88 N,80.00 E,16.0,1967-02-01,9999-12-31
01CB0391,'ORANGE HILL','COLOMBO',7.03 N,79.93 E,16.0,1885-07-01,1977-07-31
01CB0446,'RANMUTHUGALA ESTATE','COLOMBO',7.02 N,79.97 E,16.0,1952-07-19,1977-09-30
01CB050A,'BORALESGAMUWA','COLOMBO',6.83 N,79.92 E,11.0,1990-09-01,9999-12-31
01CB068A,"'COLOMBO,RENNAISANCE HOTE'",'COLOMBO',6.92 N,79.83 E,0.0,1993-01-01,9999-12-31
01CB087C,"'PANNIPITIYA,DHARMAPALA V'",'COLOMBO',6.83 N,79.95 E,0.0,1993-06-01,9999-12-31
01CB109A,'ELSTON','COLOMBO',6.93 N,80.17 E,16.0,1984-01-01,9999-12-31
01CB166A,'HOMAGAMA','COLOMBO',6.83 N,80.02 E,11.0,1990-11-01,9999-12-31
01CB255B,'KOTTE','COLOMBO',6.92 N,79.90 E,16.0,1955-01-01,1973-12-31
01CB301A,'MALABE','COLOMBO',6.90 N,79.95 E,20.0,2007-03-01,9999-12-31
01CB311A,"'COLOMBO, MARADANA'",'COLOMBO',11.18 N,*****,0.0,1993-01-01,1994-06-30
01CB369A,'MEEGODA-NAWALAMULLA','COLOMBO',6.87 N,80.03 E,0.0,2002-06-03,9999-12-31
01CB385A,'OLABODUWA GROUP','COLOMBO',6.77 N,80.02 E,16.0,1944-01-01,1954-12-31
01CB385B,'OLABODUWA','COLOMBO',6.77 N,80.02 E,16.0,1954-01-01,1978-12-31
01CB393A,'PADUKKA ESTATE','COLOMBO',6.82 N,80.12 E,0.0,1993-09-01,9999-12-31
01CB393A,'PADUKKA ESTATE','COLOMBO',6.82 N,80.12 E,0.0,1993-09-01,9999-12-31
01CB403A,'PANAGODA','COLOMBO',6.87 N,80.02 E,16.0,1954-07-01,1960-09-30
01CB421A,'PILIYANDALA','COLOMBO',6.80 N,79.92 E,16.0,1953-03-01,1963-12-31
01cb421b,'PILIYANDALA','COLOMBO',6.80 N,70.92 E,1.0,2006-01-01,9999-12-31
01CB424B,'PITIPANA','COLOMBO',6.75 N,80.03 E,0.0,1994-01-01,9999-12-31
01CB469B,'COLOMBO PORT','COLOMBO',6.93 N,79.85 E,0.0,1993-01-01,9999-12-31
01CB478A,'ST.THOMAS ESTATE','COLOMBO',6.88 N,79.93 E,16.0,1955-01-01,1976-05-31
01GL0030,'BADDEGAMA ESTATE','GALLE',6.18 N,80.18 E,15.2,1908-10-01,9999-12-31
01GL0033,'BALAPITIYA','GALLE',6.28 N,80.05 E,16.0,1943-11-01,1991-09-30
01GL0041,'BEAUSEJOUR(LOWER)','GALLE',6.15 N,80.33 E,61.0,1905-01-01,9999-12-31
01GL0045,'BIKKE RESERVOIR','GALLE',6.05 N,80.22 E,16.0,1966-05-01,9999-12-31
01GL007A,'AMBALANGODA','GALLE',6.23 N,80.05 E,16.0,1966-07-01,1989-03-31
01GL0122,'GALAGODA','GALLE',6.22 N,80.08 E,16.0,1937-09-01,1972-08-31
01GL0165,'HIYARE','GALLE',6.07 N,80.32 E,100.6,1910-01-01,9999-12-31
01GL019A,'ARPTHORPE ESTATE','GALLE',6.20 N,80.32 E,16.0,1985-06-01,9999-12-31
01GL0255,'KOTTAWA TANK-GALLE','GALLE',6.10 N,80.30 E,16.0,1937-05-10,1979-08-31
01GL0267,'LABUDUWA','GALLE',6.07 N,80.23 E,16.0,1928-09-01,9999-12-31
01GL0330,'METEWILIYA ESTATE','GALLE',6.35 N,80.22 E,16.0,1952-08-01,1963-12-31
01GL041A,'BEAUSEJOUR(UPPER)','GALLE',6.17 N,80.35 E,16.0,1953-08-01,1976-06-30
01GL041B,'BENTOTA','KALUTARA',6.42 N,80.03 E,16.0,1956-10-01,1973-11-30
01GL041C,'BENTOTA ESTATE','GALLE',6.35 N,80.17 E,400.0,2007-07-01,9999-12-31
01GL0476,'ST.LEONARDS ESTATE','GALLE',6.28 N,80.15 E,16.0,1929-01-01,1990-01-31
01GL0506,'UDUGAMA','GALLE',6.22 N,80.35 E,16.0,1935-07-15,1963-07-31
01GL087C,'DEVITURAI ESTATE','GALLE',6.25 N,80.15 E,0.0,1994-01-01,9999-12-31
01GL102A,'EDDUMA ESTATE','GALLE',11.18 N,11.18 E,16.0,1954-12-01,1969-12-31
01GL164A,'HINIDUMA','GALLE',6.30 N,80.32 E,0.0,1994-01-01,9999-12-31
01GL177A,"'ETHALHENA EST, IMADUWA'",'GALLE',6.03 N,80.38 E,0.0,1996-11-20,9999-12-31
01gl252b,'KORELEGAMA','GALLE',6.23 N,80.33 E,350.0,2001-10-01,9999-12-31
01GL328B,'MEETIYAGODA','GALLE',6.20 N,80.10 E,1.0,1800-00-00,1999-91-23
01GL343A,'MONROVIA GROUP','GALLE',6.08 N,80.15 E,16.0,1954-12-01,9999-12-31
01GL403B,'PANAGALA','GALLE',6.27 N,80.33 E,16.0,1955-05-01,1966-03-31
01GL467A,'SIRIMEWANA GROUP','GALLE',5.12 N,80.35 E,16.0,1955-02-01,1985-12-31
01GL478C,'STOKESLAND ESTATE','GALLE',6.17 N,80.33 E,0.0,1993-01-01,9999-12-31
01GL490A,'TAWALAMA','GALLE',6.33 N,80.33 E,16.0,1954-02-01,9999-12-31
01GL491A,'WEWEGONA TEA FACTORY','GALLE',6.08 N,80.30 E,0.0,1996-11-20,9999-12-31
01GL501A,"'TITAGALLA, HANDUNGODA'",'GALLE',6.02 N,80.35 E,0.0,1996-11-20,9999-12-31
01GL513B,'USGODAKANDA ESATE','GALLE',6.10 N,80.23 E,16.0,1989-06-01,9999-12-31
01GL552A,'YAKKOTUWA','GALLE',6.27 N,80.13 E,16.0,1937-01-01,1969-12-31
01GM0011,'AMBEPUSSA GOVT FARM','GAMPAHA',7.28 N,80.17 E,54.9,1927-05-01,9999-12-31
01GM0070,'COMMILA ESTATE','GAMPAHA',7.05 N,80.08 E,16.0,1952-07-01,1966-02-28
01GM0077,'DANKOTUWA','GAMPAHA',7.30 N,79.88 E,16.0,1938-04-01,1965-01-31
01GM0095,'DOMPE','GAMPAHA',6.95 N,80.07 E,22.9,1941-01-01,9999-12-31
01GM0158,'HENARATHGODA BOT GRDNS','GAMPAHA',7.10 N,79.98 E,9.1,1891-01-01,9999-12-31
01GM0169,'HORAGAHALANDA','GAMPAHA',7.05 N,80.03 E,15.2,1934-08-01,9999-12-31
01GM0173,'HUNUMULLA','GAMPAHA',7.25 N,80.00 E,15.2,1941-01-01,9999-12-31
01GM0291,'MAHAGODELLA','GAMPAHA',7.23 N,79.93 E,16.0,1952-01-01,1963-11-30
01GM0373,'NEGOMBO','GAMPAHA',7.22 N,79.83 E,3.1,1879-01-01,9999-12-31
01GM0412,'PASYALA','GAMPAHA',7.15 N,80.13 E,16.0,1945-10-01,9999-12-31
01GM0441,'RAGAMA CAMP','GAMPAHA',7.02 N,79.93 E,16.0,1912-07-01,9999-12-31
01GM0475,'ST.JOSEPHS COLLEGE FARM','GAMPAHA',11.18 N,11.18 E,16.0,1940-03-01,1967-11-30
01GM0528,'WALPITA','GAMPAHA',7.27 N,80.05 E,16.0,1941-02-01,9999-12-31
01GM0542,'WESTER SEATON FARM','GAMPAHA',7.22 N,79.88 E,16.0,1941-01-01,1987-08-31
01GM142A,'HALGAHAPITIYA GROUP','GAMPAHA',7.23 N,80.10 E,16.0,1954-12-01,9999-12-31
01GM221B,'KATUNAYAKE AIR FORCE','GAMPAHA',7.18 N,79.88 E,0.0,1996-09-18,9999-12-31
01GM234A,'KELEPITIMULLA','GAMPAHA',7.23 N,79.95 E,0.0,1996-05-01,9999-12-31
01GM244A,"'KIRILLAWALA,KADAWATA'",'GAMPAHA',7.02 N,79.98 E,16.0,1989-01-01,9999-12-31
01GM246A,'KIRINDIWELA (COCONUT)','GAMPAHA',7.03 N,80.12 E,16.0,1992-04-01,9999-12-31
01GM340A,'MINUWANGODA','GAMPAHA',7.17 N,79.95 E,16.0,1943-01-01,1951-12-31
01GM378A,'NITTAMBUWA','GAMPAHA',7.13 N,80.10 E,16.0,1993-01-01,9999-12-31
01GM400A,'PALUGAHAWATTE','GAMPAHA',7.15 N,79.88 E,16.0,1954-09-01,1963-12-31
01GM463A,'SERUKELLE','PUTTALAM',7.77 N,79.95 E,1.0,1990-01-01,9999-12-31
01gm467D,'SIRIMALWATTA','GAMPAHA',7.30 N,80.10 E,30.0,2001-04-01,9999-12-31
01GM487B,'THAMMITA','GAMPAHA',7.10 N,79.95 E,0.0,1996-05-01,9999-12-31
01GM527A,'WALJAPALA GROUP','GAMPAHA',7.15 N,79.95 E,16.0,1955-01-01,1987-05-31
01GM528A,'WALPITA COCONUT','GAMPAHA',7.25 N,80.03 E,16.0,1992-01-01,9999-12-31
01GM538B,'WELISARA-NAVY','GAMPAHA',7.02 N,79.90 E,0.0,1997-08-07,9999-12-31
01HT0008,'AMBALANTOTA GOVT. FARM','HAMBANTOTA',6.12 N,81.02 E,6.1,1921-10-01,9999-12-31
01HT0037,'BATA ATA','HAMBANTOTA',6.10 N,80.92 E,24.4,1926-10-01,9999-12-31
01HT0053,'BUNDALA LEWAYA','HAMBANTOTA',6.20 N,81.25 E,16.0,1947-07-01,9999-12-31
01HT0056,'BUTTAWA','HAMBANTOTA',6.75 N,81.25 E,16.0,1952-12-01,1952-12-31
01HT005A,'ANGUNAKOLAPELESSA','HAMBANTOTA',6.17 N,80.88 E,16.0,1969-04-01,9999-12-31
01HT008A,'AMBALANTOTA PADDY RESEAR','HAMBANTOTA',6.12 N,81.02 E,0.0,1995-07-01,9999-12-31
01HT0146,'HAMBANTOTA-COTTON STN','HAMBANTOTA',6.15 N,81.13 E,16.0,1951-08-01,1987-02-28
01HT0244,'KIRAMA','HAMBANTOTA',6.22 N,80.67 E,122.0,1879-01-01,9999-12-31
01HT0246,'KIRINDA','MATARA',6.07 N,80.63 E,16.0,1951-08-01,1973-05-31
01HT0276,'LIYANGAHATOTA','HAMBANTOTA',6.23 N,80.93 E,16.0,1913-02-01,9999-12-31
01HT028A,'BADAGIRIYA TANK','HAMBANTOTA',6.23 N,81.15 E,16.0,1955-03-01,9999-12-31
01HT0292,'MAHA LEWAYA (HAMBANTOTA)','HAMBANTOTA',6.13 N,81.13 E,16.0,1937-01-01,9999-12-31
01HT0303,'MAMADOLA','HAMBANTOTA',6.13 N,80.97 E,16.0,1894-07-01,9999-12-31
01HT0331,'MIDDENIYA','HAMBANTOTA',6.25 N,80.77 E,16.0,1926-10-01,1954-07-31
01HT0332,'MIGAHAJANDURA SCHOOL','HAMBANTOTA',6.37 N,81.03 E,16.0,1930-02-01,1989-02-28
01HT037A,'BATAATA (BLOCK TWO)','HAMBANTOTA',6.08 N,80.90 E,85.0,2006-03-18,9999-12-31
01HT0396,'PALATUPANA SALTERN','HAMBANTOTA',6.25 N,81.38 E,16.0,1932-01-01,9999-12-31
01HT0453,'RIDIYAGAMA IRRIGATION','HAMBANTOTA',6.22 N,80.98 E,16.0,1923-03-01,9999-12-31
01HT0490,'TANGALLA','HAMBANTOTA',6.02 N,80.80 E,16.0,1879-01-01,9999-12-31
01HT0500,'TISSAMAHARAMA AGRI','HAMBANTOTA',11.18 N,11.18 E,16.0,1931-03-01,1979-09-30
01HT0501,'TISSAMAHARAMA IRRIGATION','HAMBANTOTA',6.28 N,81.30 E,16.0,1879-01-01,9999-12-31
01HT0507,'UDUKIRIWILA','HAMBANTOTA',6.15 N,80.77 E,16.0,1879-01-01,1967-01-31
01HT0508,'UDUWILA','HAMBANTOTA',6.25 N,81.25 E,16.0,1923-08-01,1991-10-31
01HT0551,'YALA','HAMBANTOTA',6.37 N,81.53 E,16.0,1922-11-01,9999-12-31
01HT079C,'DEHIGAHAHENA','HAMBANTOTA',6.20 N,80.62 E,300.0,2008-10-23,9999-12-31
01HT141C,'HANDUNE_GALA','HAMBANTOTA',6.20 N,80.62 E,850.0,2008-09-24,9999-12-31
01HT172A,"'HUNGAMA,CERAMIC'",'HAMBANTOTA',6.12 N,80.93 E,16.0,1993-02-01,9999-12-31
01HT280A,'LUNUGAMWEHERA','HAMBANTOTA',6.33 N,81.20 E,16.0,1983-05-01,9999-12-31
01HT281C,'MEDAMULANA','HAMBANTOTA',6.17 N,80.75 E,180.0,2007-11-16,9999-12-31
01HT290B,'MAHAGALWEWA','HAMBANTOTA',6.38 N,81.03 E,11.0,1990-10-15,9999-12-31
01HT340B,'MIRIJJAWILA','HAMBANTOTA',6.12 N,81.07 E,0.0,1994-01-01,9999-12-31
01HT356C,'MURUTHAWELA WEWA','HAMBANTOTA',6.20 N,80.73 E,0.0,1995-05-01,9999-12-31
01HT449C,'RANMALA KANDA','HAMBANTOTA',6.23 N,80.63 E,87.0,2008-10-23,9999-12-31
01HT453A,'RIDIYAGAMA IRRIGATION','HAMBANTOTA',6.18 N,80.97 E,0.0,1994-01-01,9999-12-31
01HT453A,'RIDIYAGAMA IRRIGATION','HAMBANTOTA',6.18 N,80.97 E,0.0,1994-01-01,9999-12-31
01HT460B,'SAPUTHANTHRI KANDA','HAMBANTOTA',6.23 N,80.63 E,1350.0,2008-10-01,9999-12-31
01ht481a,'SURIYAWEWA','HAMBANTOTA',6.32 N,80.00 E,200.0,1965-01-01,9999-12-31
01HT484A,'THALAPATH KANDA','HAMBANTOTA',6.22 N,80.62 E,1100.0,2008-09-01,9999-12-31
01HT536A,'WIRAWILA','HAMBANTOTA',6.28 N,81.23 E,11.0,1990-09-01,9999-12-31
01JF0082,'DELFT','JAFFNA',9.53 N,79.70 E,16.0,1910-07-01,1979-01-31
01JF0106,'ELEPHANT PASS SALTERN','KILINOCHCHI',9.50 N,80.40 E,16.0,1922-05-01,1990-05-31
01JF0184,'IYAKACHCHI','KILINOCHCHI',9.57 N,80.40 E,16.0,1951-01-01,1990-04-30
01JF0186,'JAFFNA COLLEGE','JAFFNA',9.73 N,79.95 E,16.0,1889-10-01,1982-12-31
01JF0187,'JAFFNA FARM SCHOOL','JAFFNA',9.70 N,80.03 E,3.1,1927-10-01,9999-12-31
01JF0213,'KANKESANTURAI-HOSPITAL','JAFFNA',9.82 N,80.05 E,16.0,1950-12-01,1967-08-31
01JF0214,'KANKESANTURAI-CEMENT FTY','JAFFNA',9.78 N,80.03 E,16.0,1941-01-01,1964-09-30
01JF0225,'KAYTS-POST OFFICE','JAFFNA',9.70 N,79.87 E,3.0,1893-09-01,1990-06-30
01JF024C,'ATCHUVELY','JAFFNA',9.77 N,80.10 E,14.0,2006-06-08,9999-12-31
01JF0258,'KUDATHANAI','JAFFNA',9.73 N,80.27 E,16.0,1967-06-01,1985-05-31
01JF0341,'MIRISUVIL','JAFFNA',9.67 N,80.27 E,16.0,1951-06-01,1985-05-31
01JF0398,'PALLAI','JAFFNA',9.62 N,80.33 E,16.0,1879-01-01,1969-12-31
01JF0425,'POINT PEDRO','JAFFNA',9.83 N,80.23 E,16.0,1891-03-01,1963-12-31
01JF0444,'RAMANATHAN COLLEGE','JAFFNA',9.73 N,80.02 E,16.0,1931-12-01,1963-12-31
01JF062A,'CHAVAKACHCHERI','JAFFNA',9.67 N,80.17 E,16.0,1893-11-01,1987-08-31
01JF251A,'KONDAVIL','JAFFNA',9.70 N,80.03 E,16.0,1968-01-01,1985-06-30
01JF258B,'KURINCHATIVU','KILINOCHCHI',9.52 N,80.40 E,16.0,1984-11-01,1990-05-31
01JF360A,'NAINATIVU','JAFFNA',9.60 N,79.77 E,16.0,1956-04-01,9999-12-31
01JF376A,'NEW TIRUKKOVIL','BATTICALOA',7.22 N,81.85 E,16.0,1926-01-01,1963-12-31
01JF399A,'PALLAVARAYAN KADU','JAFFNA',9.40 N,80.27 E,16.0,1973-04-01,1992-09-30
01JF493A,'THONDAMANNAR','JAFFNA',9.82 N,80.13 E,16.0,1954-07-01,1984-12-31
01KE0002,'ALAGALLA','KEGALLE',7.28 N,80.48 E,323.2,1910-05-01,1988-02-29
01KE0009,'AMBANPITIYA','KEGALLE',7.23 N,80.32 E,201.2,1879-02-01,9999-12-31
01KE0021,'ARANAYAKE GOVT. HOSPITAL','KEGALLE',7.18 N,80.47 E,16.0,1905-08-01,9999-12-31
01KE0024,'ARSLENA ESTATE','KANDY',6.95 N,80.50 E,16.0,1943-01-01,1983-05-31
01KE0028,'BADAGAMUWA','KEGALLE',7.50 N,80.40 E,16.0,1937-06-01,1974-03-31
01KE0038,'BATALAGODA TANK','KURUNEGALA',7.52 N,80.45 E,16.0,1897-01-01,9999-12-31
01KE003A,'ALGAMA ESTATE','KEGALLE',7.18 N,80.18 E,16.0,1941-01-01,1960-10-31
01KE0043,'BERNA ESTATE','KEGALLE',7.47 N,80.17 E,16.0,1910-07-01,1975-08-31
01KE0064,'CHESTERFORD','KEGALLE',7.07 N,80.18 E,198.2,1949-09-01,9999-12-31
01KE0073,'DABAR ESTATE','KEGALLE',6.90 N,80.38 E,228.7,1929-10-01,1988-09-30
01KE0089,'DIGALLA ESTATE','KEGALLE',6.95 N,80.30 E,122.0,1886-03-01,9999-12-31
01KE0091,'DIWELA ESTATE','KEGALLE',7.22 N,80.38 E,16.0,1909-08-01,1972-03-31
01KE009B,'AMBANPITIYA ESTATE','KEGALLE',7.23 N,80.32 E,201.2,2003-03-01,9999-12-31
01KE0100,'DUNEDIN ESTATE','KEGALLE',7.03 N,80.28 E,122.0,1882-11-01,9999-12-31
01KE0113,'ERAMINIGOLLA','KEGALLE',7.30 N,80.38 E,16.0,1938-11-01,9999-12-31
01KE0115,'ETNAWALA','KEGALLE',7.20 N,80.20 E,16.0,1920-04-01,1956-07-31
01KE0120,'FROCESTER ESTATE','KALUTARA',6.67 N,80.12 E,15.2,1952-07-01,9999-12-31
01KE0126,'GALGAMUWA TANK','KURUNEGALA',7.98 N,80.28 E,16.0,1908-07-01,9999-12-31
01KE0155,'HAVILAND ESTATE','KEGALLE',7.10 N,80.42 E,16.0,1944-01-01,1969-12-31
01KE016A,'ANHETIGAMA ESTATE','KEGALLE',6.93 N,80.27 E,300.0,1990-06-01,9999-12-31
01KE0181,'INGOYA ESTATE','KEGALLE',7.02 N,80.43 E,304.9,1922-11-01,1990-11-30
01KE0205,'KANANGAMA ESTATE','KEGALLE',7.00 N,80.28 E,16.0,1883-05-01,1958-02-28
01KE021B,'ARANAYAKE MINI HYDRO PRO','KEGALLE',7.13 N,80.47 E,0.0,2004-10-01,9999-12-31
01KE0230,'KEGALLE','KEGALLE',7.25 N,80.35 E,16.0,1913-01-05,1963-12-31
01KE0235,'KEMPITIKANDA (WOODLANDS)','KEGALLE',7.30 N,80.43 E,16.0,1925-09-01,1965-11-30
01KE0275,'LINIYAGALA GROUP','KEGALLE',6.93 N,80.37 E,16.0,1949-09-01,9999-12-31
01KE0301,'MALIBODA','KEGALLE',6.88 N,80.43 E,274.4,1913-08-01,9999-12-31
01KE0321,'MAWANELLA HOSPITAL','KEGALLE',7.25 N,80.45 E,16.0,1938-04-01,1963-12-31
01KE0365,"'NARANGALLA,MOUNT CARMEL'",'KEGALLE',7.13 N,80.43 E,16.0,1937-05-15,9999-12-31
01KE0365,'MOUNT CARMEL','KEGALLE',7.52 N,80.15 E,16.0,1989-01-01,1999-12-31
01KE0423,'PINDENIYA','KEGALLE',7.17 N,80.30 E,16.0,1935-07-01,1963-12-31
01KE0445,'RAMBUKKANA','KEGALLE',7.32 N,80.40 E,16.0,1937-09-01,1956-11-30
01KE0458,'RUWANWELLA REST HOUSE','KEGALLE',7.05 N,80.25 E,16.0,1910-07-01,1969-07-31
01KE045A,'BINGIRIYA TILE WORKS','KURUNEGALA',7.62 N,79.95 E,16.0,1938-01-01,1992-10-31
01KE048A,'BODIMULLA GROUP','KEGALLE',7.52 N,80.10 E,16.0,1954-12-01,1970-11-30
01KE049A,'BOPITIYA','KURUNEGALA',9.32 N,80.07 E,50.0,2007-06-15,9999-12-31
01KE0503,'UNDUGODA','KEGALLE',7.13 N,80.37 E,16.0,1950-01-01,9999-12-31
01KE0523,'VINCIT ESTATE','KEGALLE',7.08 N,80.22 E,16.0,1925-09-18,9999-12-31
01KE0526,'WAGOLLA','KEGALLE',7.30 N,80.38 E,16.0,1949-11-01,9999-12-31
01KE0544,'WEWELTALAWA ESTATE','KEGALLE',7.05 N,80.38 E,16.0,1944-01-01,9999-12-31
01KE0553,'YATADERIYA ESTATE','KEGALLE',7.13 N,80.37 E,16.0,1888-01-01,9999-12-31
01KE0555,'YOGAMA ESTATE','KEGALLE',6.92 N,80.27 E,16.0,1952-07-01,9999-12-31
01KE079B,'DEDIGAMA','KEGALLE',7.22 N,80.25 E,100.0,2003-06-01,9999-12-31
01KE104C,'EILA ESTATE','KEGALLE',6.98 N,80.33 E,220.0,2000-11-01,9999-12-31
01KE104D,'UDABAGE','KEGALLE',6.97 N,80.35 E,440.0,2005-06-24,9999-12-31
01KE105A,'ELADUWA ESTATE','KALUTARA',6.50 N,80.05 E,16.0,1954-12-01,1982-09-30
01KE113B,'ERAMINIGOLLA (COCONUT)','KEGALLE',7.30 N,80.37 E,16.0,1993-01-01,9999-12-31
01KE140A,'GOKARELLA','KURUNEGALA',7.60 N,80.48 E,16.0,1972-10-01,2006-04-24
01KE140A,'GOKARELLA','KURUNEGALA',7.60 N,80.48 E,16.0,2006-04-24,1972-10-01
01KE140A,'GOKARELLA','KURUNEGALA',7.60 N,80.48 E,16.0,1972-10-01,9999-12-31
01KE141D,'HAKBELLAWAKA','KEGALLE',6.98 N,80.35 E,200.0,2010-02-24,9999-12-31
01KE152C,'HATMATTA','KEGALLE',7.07 N,80.25 E,50.0,2006-10-05,9999-12-31
01KE247A,"'RAMBUKKANA,KIRIWALLAPITY'",'KEGALLE',7.33 N,80.37 E,0.0,1993-01-01,9999-12-31
01KE300B,'MAKANDURA','KEGALLE',7.32 N,79.98 E,26.0,2007-03-28,9999-12-31
01ke312A,'MARANDAWILA FARM','KURUNEGALA',7.63 N,79.95 E,0.0,1993-01-01,9999-12-31
01KE319A,'MATHEMAGODA (COCONUT)','KEGALLE',11.18 N,11.18 E,16.0,1993-01-01,9999-12-31
01KE345B,'MORALIOYA','KEGALLE',7.02 N,80.22 E,90.0,2006-10-01,9999-12-31
01KE478D,'STINSFORD','KEGALLE',7.05 N,80.18 E,190.0,2006-10-16,9999-12-31
01KE485E,'THELIGAMA','KEGALLE',7.00 N,80.38 E,0.0,1999-08-01,9999-12-31
01KE504A,'UDAHENKANDE DIVISION','KEGALLE',6.93 N,80.33 E,16.0,1953-04-23,1968-12-31
01KE505B,'UDAPOLLA ESTATE','KEGALLE',6.88 N,80.33 E,240.0,2000-01-01,9999-12-31
01KE530A,'WARAKAPOLA(NIYADURUPOLA)','KEGALLE',7.15 N,80.22 E,280.0,2003-05-26,9999-12-31
01KE537B,"'WEDDAWALA, WAHARAKA'",'KEGALLE',7.07 N,80.20 E,0.0,1996-12-18,9999-12-31
01KG0038,'BATALAGODA TANK','KURUNEGALA',7.52 N,80.45 E,16.0,1897-01-01,9999-12-31
01KG0075,'DANDAGAMUWA','KURUNEGALA',7.47 N,80.05 E,16.0,1903-03-01,1957-05-31
01KG0084,'DELWITA-RAMBODAGALLE','KURUNEGALA',7.53 N,80.52 E,16.0,1898-01-01,9999-12-31
01KG0093,'DIYATURA','KURUNEGALA',7.65 N,80.52 E,16.0,1944-05-01,1999-12-31
01KG0103,'EGODAGAMA ELA','KURUNEGALA',7.43 N,80.42 E,16.0,1941-03-01,9999-12-31
01KG0117,'FLENSBURG','KURUNEGALA',7.68 N,80.35 E,16.0,1912-02-01,1971-12-31
01KG0130,'GANAWATTA','KURUNEGALA',7.65 N,80.35 E,16.0,1930-11-01,1953-07-31
01KG0135,'GIRIULLA REST HOUSE','KURUNEGALA',7.33 N,80.13 E,16.0,1916-10-01,1940-12-31
01KG0149,'HUNKELE ESTATE','KURUNEGALA',7.63 N,80.03 E,30.5,1935-01-01,1991-04-31
01KG014A,'ANDIGAMA FARM','KURUNEGALA',7.37 N,80.12 E,16.0,1967-05-01,9999-12-31
01KG0180,'INDIWINNE ESTATE','KURUNEGALA',7.35 N,79.97 E,16.0,1950-10-01,1963-12-31
01KG0201,'KAMALASRAM (UDUBADDAWA)','KURUNEGALA',7.48 N,79.98 E,16.0,1950-06-01,9999-12-31
01KG0212,'KANKANIYANMULLA','KURUNEGALA',7.40 N,80.03 E,16.0,1937-06-01,1999-11-30
01KG0224,'KATUPOTHA','KURUNEGALA',7.53 N,80.18 E,68.3,1946-06-01,1989-04-30
01KG024A,'ATHARAGALLA','KURUNEGALA',7.92 N,80.28 E,0.0,1957-01-01,9999-12-31
01KG0253,'HAKWATUNA-OYA','KURUNEGALA',7.65 N,80.38 E,16.0,1991-01-01,9999-12-31
01KG0256,'KOULWEWA','KURUNEGALA',7.53 N,79.93 E,16.0,1978-03-01,9999-12-31
01KG0265,'KURUNEGALA-P.W.D.','KURUNEGALA',7.48 N,80.37 E,16.0,1879-01-01,1958-04-30
01KG0273,'LENAVIHARE','KURUNEGALA',7.57 N,80.50 E,16.0,1926-02-01,1963-10-31
01KG0289,'MAGALAWEWA','KURUNEGALA',7.73 N,80.12 E,16.0,1879-02-01,1963-10-31
01KG0299,'MAHO','KURUNEGALA',7.82 N,80.28 E,16.0,1930-11-01,1963-12-31
01KG0300,'MAKALANEGAMA','KURUNEGALA',8.00 N,80.30 E,16.0,1943-08-01,1963-12-31
01KG0326,'MEDIYAWA TANK','KURUNEGALA',7.88 N,80.28 E,16.0,1905-01-01,9999-12-31
01KG0329,'MELLAWA ESTATE','KURUNEGALA',7.32 N,79.95 E,16.0,1978-08-01,9999-12-31
01KG0345,'MORAGOLLAGAMA','KURUNEGALA',7.90 N,80.42 E,16.0,1951-01-01,1952-12-31
01KG0364,'NARAMMALA','KURUNEGALA',7.43 N,80.22 E,16.0,1938-01-01,1956-12-31
01KG0375,'NEW FOUNDLAND ESTATE','KURUNEGALA',7.43 N,80.12 E,16.0,1931-01-01,1985-12-31
01KG0377,'NIKAWERATIYA','KURUNEGALA',7.75 N,80.12 E,16.0,1941-01-01,9999-12-31
01KG0399,'PALLEKOTUWA','KURUNEGALA',7.58 N,80.35 E,16.0,1934-02-01,1965-05-31
01KG0407,'PANNALA','KURUNEGALA',7.33 N,80.03 E,16.0,1938-04-01,1970-12-31
01KG0413,'PATHREGALLA ESTATE','KURUNEGALA',7.38 N,80.35 E,16.0,1901-01-01,9999-12-31
01KG0426,'POLGAHAWELA','KURUNEGALA',7.33 N,80.30 E,16.0,1928-03-01,1989-02-28
01KG0430,'PORAMADALA','KURUNEGALA',11.18 N,11.18 E,16.0,1930-08-01,1963-11-30
01KG0452,'RIDIBENDI ELA','KURUNEGALA',7.73 N,80.25 E,16.0,1937-06-01,9999-12-31
01KG0469,'SIYAMBALANDUWA','MONARAGALA',6.90 N,81.55 E,16.0,1943-01-01,1980-12-31
01KG0470,'SIYAMBALAWEWA ESTATE','KURUNEGALA',7.65 N,79.97 E,16.0,1936-05-15,1974-05-31
01KG049A,'BOPITIYA','KURUNEGALA',7.32 N,80.07 E,50.0,2007-06-15,9999-12-31
01KG0532,'WARIYAPOLA EXPTL.STATION','KURUNEGALA',7.63 N,80.25 E,16.0,1930-04-01,9999-12-31
01KG0548,'WOODSLEE GROUP','KURUNEGALA',7.42 N,80.52 E,16.0,1952-01-01,1973-10-31
01KG074C,'DAMPELLASSA - NARAMMALA','KURUNEGALA',7.42 N,80.20 E,16.0,1993-03-01,9999-12-31
01KG082C,'DELHENA','KURUNEGALA',7.52 N,80.55 E,111.0,1988-07-01,9999-12-31
01KG092B,'DODANGASLANDA','KURUNEGALA',7.57 N,80.53 E,165.0,1987-06-01,9999-12-31
01KG092C,'DODANGASLANDA (COCONUT)','KURUNEGALA',7.57 N,80.52 E,16.0,1993-01-01,9999-12-31
01KG113A,'ERNESTWOOD ESTATE','KURUNEGALA',7.42 N,79.97 E,16.0,1954-12-01,1978-09-30
01KG147A,'HANDAPANGALA','KURUNEGALA',7.33 N,80.15 E,16.0,1956-01-01,1975-07-31
01KG159C,'HINDAWA ESTATE','KURUNEGALA',7.53 N,80.20 E,0.0,1993-01-01,9999-12-31
01KG159D,'HETTIPOLA','KURUNEGALA',7.58 N,80.67 E,50.0,2007-11-16,9999-12-31
01kg169B,'HORAGAS AGARA','KURUNEGALA',7.57 N,79.95 E,16.0,1989-01-01,9999-12-31
01KG175A,'IBBAGAMUWA','KURUNEGALA',7.52 N,80.42 E,140.0,2007-11-16,9999-12-31
01KG202A,'KANADULLA ESTATE','KURUNEGALA',7.47 N,80.02 E,16.0,1956-10-01,1963-05-31
01KG204A,'KANAMEEWALA ESTATE','KURUNEGALA',7.30 N,80.15 E,0.0,1994-01-01,9999-12-31
01KG241A,'KIMBULWANA OYA','KURUNEGALA',11.18 N,11.18 E,0.0,1993-01-01,1993-01-01
01KG241A,'KIMBULWANA OYA','KURUNEGALA',11.18 N,11.18 E,0.0,1993-01-01,9999-12-31
01KG241B,'KINIYAMA','KURUNEGALA',7.63 N,79.98 E,40.0,2011-05-01,9999-12-31
01KG253B,'KORAHENA','KURUNEGALA',11.18 N,11.18 E,16.0,1930-01-01,1951-12-31
01KG258B,'KULIYAPITIYA','KURUNEGALA',7.45 N,80.08 E,60.0,2002-10-04,9999-12-31
01KG258C,'KULIYAPITIYA','KURUNEGALA',7.45 N,80.08 E,0.0,2002-10-01,9999-12-31
01KG258D,'KULIYAPITIYA','KURUNEGALA',7.45 N,80.08 E,60.0,2002-10-04,9999-12-31
01KG290A,"'MAHAGALKADAWLA,GALGAMUWA'",'KURUNEGALA',8.07 N,80.28 E,111.0,1987-11-01,9999-12-31
01KG300B,'MAKANDURA','KEGALLE',7.32 N,79.98 E,26.0,2007-03-28,9999-12-31
01KG301B,'MELCIRI PURA','KURUNEGALA',7.63 N,80.60 E,170.0,2007-11-16,9999-12-31
01KG312A,'MARANDAWILA FARM','KURUNEGALA',7.63 N,79.95 E,0.0,1993-01-01,9999-12-31
01KG340C,'MOLA ELIYA','KURUNEGALA',7.65 N,79.93 E,15.0,2011-05-01,9999-12-31
01KG383A,'NUWARAKELLE ESTATE','KURUNEGALA',7.60 N,80.10 E,16.0,1954-08-01,1970-11-30
01KG404A,'PANDUWASNUWARA','KURUNEGALA',7.60 N,80.12 E,1.0,1990-03-01,9999-12-31
01KG407A,'PANNALA VIRIDIYAWA EST','KURUNEGALA',7.33 N,80.03 E,0.0,1996-04-01,9999-12-31
01KG426A,'POLGAHAWELA (COCONUT)','KURUNEGALA',7.32 N,80.30 E,16.0,1992-12-01,9999-12-31
01KG427A,'POLONTALAWA','KURUNEGALA',7.72 N,80.00 E,16.0,1953-10-01,9999-12-31
01KG468A,'SIYAMBALAGASRUPPE ESTATE','KURUNEGALA',7.50 N,79.92 E,16.0,1955-01-01,1968-12-31
01KG469A,'SIYAMBALANGAMUWA','KURUNEGALA',7.95 N,80.45 E,16.0,1953-12-01,9999-12-31
01KG493C,'THAMBANA ESTATE','KURUNEGALA',7.38 N,79.97 E,0.0,1993-01-01,9999-12-31
01KG540C,'WELLEWA','KURUNEGALA',6.55 N,80.35 E,100.0,2007-05-01,9999-12-31
01KG543A,'WEUDA','KURUNEGALA',7.42 N,80.48 E,16.0,1989-01-01,9999-12-31
01KI001B,'AKKARAYANKULAM','KILINOCHCHI',9.30 N,80.35 E,31.1,1961-12-01,9999-12-31
01KI0183,'IRANAMADU TANK','KILINOCHCHI',9.35 N,80.40 E,30.5,1910-06-01,9999-12-31
01KI0238,'KILLINOCHCHI-IRRIGATION','KILINOCHCHI',9.42 N,80.42 E,24.4,1905-01-01,1987-12-31
01KI0239,'KILLINOCHCHI-IRANAMADU','KILINOCHCHI',9.35 N,80.40 E,16.0,1941-01-01,1963-12-31
01KI0240,'KILLINOCHCHI-CATTLE FARM','KILINOCHCHI',9.40 N,80.47 E,24.4,1946-10-01,9999-12-31
01KI0409,'PARANTHAN FARM','KILINOCHCHI',9.42 N,80.42 E,16.0,1927-10-01,9999-12-31
01KI218B,'KIRANCHI','KILINOCHCHI',9.33 N,80.08 E,16.0,1966-01-01,1980-12-31
01KI220B,'KARIYALAINAGAPODUWAN','KILINOCHCHI',9.27 N,80.17 E,0.0,1998-03-01,9999-12-31
01KT0035,'BANDARAGAMA','KALUTARA',6.72 N,80.00 E,16.0,1921-10-01,9999-12-31
01KT0066,'CLYDE ESTATE','KALUTARA',6.58 N,80.03 E,24.4,1952-07-01,9999-12-31
01kt0120,'FROCESTOR ESTATE','KALUTARA',6.67 N,80.12 E,15.2,1952-07-01,9999-12-31
01KT0132,'GEEKIYANAKANDA ESTATE','KALUTARA',6.60 N,80.12 E,106.7,1872-04-01,9999-12-31
01KT0145,'HALWATURA','KALUTARA',6.72 N,80.20 E,137.2,1929-03-01,9999-12-31
01KT0171,'HORANA','KALUTARA',6.75 N,80.07 E,30.5,1941-01-01,9999-12-31
01KT0200,'KALUTARA-P.W.D.','KALUTARA',6.58 N,79.95 E,3.0,1879-01-01,9999-12-31
01KT0204,'KANAHA ESTATE','KALUTARA',6.43 N,80.10 E,16.0,1910-06-01,1968-10-31
01KT021A,'ARAMANAGOLLA','KALUTARA',6.73 N,80.05 E,0.0,1984-02-01,9999-12-31
01KT0259,'KUMBADUWA ESTATE','KALUTARA',6.43 N,80.20 E,16.0,1942-01-01,1980-12-31
01KT0336,'MILLEWA ESTATE','KALUTARA',6.80 N,80.08 E,16.0,1952-07-01,9999-12-31
01KT0344,'MOUNT EDEN ESTATE','KALUTARA',6.60 N,79.98 E,16.0,1937-07-01,1963-12-31
01KT0403,'PANADURA','KALUTARA',6.72 N,79.90 E,16.0,1936-04-01,1980-07-31
01KT0422,'PIMBURA','KALUTARA',6.57 N,80.17 E,16.0,1935-07-01,1966-12-31
01KT0450,'RAYIGAMA','KALUTARA',6.77 N,80.18 E,16.0,1897-05-01,9999-12-31
01KT0467,'SIRIKANDURA ESTATE','KALUTARA',6.50 N,80.15 E,16.0,1920-03-01,9999-12-31
01KT0474,'ST.GEORGES GROUP','KALUTARA',6.52 N,80.12 E,16.0,1989-02-01,9999-12-31
01KT0525,'WADDUWA','KALUTARA',6.67 N,79.93 E,16.0,1952-08-01,9999-12-31
01KT073A,'DELKEITH','KALUTARA',6.57 N,80.20 E,95.0,2006-07-22,9999-12-31
01KT079A,'DEDIYAWALA-WASKADUWA','KALUTARA',6.62 N,79.95 E,1111.0,1990-11-01,9999-12-31
01KT169A,'HORAGODA ESTATE','KALUTARA',6.50 N,80.25 E,16.0,1954-12-01,9999-12-31
01KT200A,'KALUTARA-POLICE STATION','KALUTARA',6.58 N,79.97 E,16.0,1951-01-01,1966-12-31
01KT253C,'KOROSDUWA','KALUTARA',6.65 N,79.95 E,18.0,2006-03-16,9999-12-31
01KT335B,'MILLENIYA ESTATE','KALUTARA',6.67 N,80.00 E,16.0,1955-01-01,1981-04-30
01KT346A,'MORAPITIYA','KALUTARA',6.53 N,80.27 E,16.0,1989-01-01,9999-12-31
01KT359B,'NAGODA','KALUTARA',6.57 N,80.00 E,16.0,1944-01-01,1951-12-31
01KT400C,'PALLEGODA ESTATE','KALUTARA',6.47 N,80.05 E,0.0,1998-09-01,9999-12-31
01KT414B,'PELAWATTE','KALUTARA',6.42 N,80.22 E,16.0,1959-01-01,9999-12-31
01KT420B,'PERTH ESTATE','KALUTARA',6.70 N,80.10 E,0.0,1994-01-01,9999-12-31
01KT449A,'RATHMALGODA','KALUTARA',6.75 N,80.12 E,16.0,1954-02-01,1975-04-30
01KT474A,'YATADOLA(BOPITIYA)','KALUTARA',6.50 N,80.08 E,100.0,2006-03-16,9999-12-31
01KT474B,'YATADOLA (MATUGAMA DIV)','KALUTARA',6.52 N,80.05 E,210.0,2006-03-16,9999-12-31
01KT478B,'ST.VINCENTS GROUP','KALUTARA',6.52 N,80.00 E,16.0,1955-01-01,9999-12-31
01KT492B,'THANTIRIMULLA','KALUTARA',6.72 N,79.92 E,0.0,1998-01-01,9999-12-31
01KT513A,'USK VALLEY S.P.','KALUTARA',6.57 N,80.23 E,16.0,1954-10-01,9999-12-31
01KT524A,"'KALUTARA, VOGAN GROUP'",'KALUTARA',6.53 N,80.10 E,0.0,1994-01-01,9999-12-31
01KU092B,'DODANGASLANDA','KURUNEGALA',7.57 N,80.53 E,16.0,1987-06-01,9999-12-31
01KU312A,'MARANDAWILA FARM','KURUNEGALA',7.63 N,79.97 E,0.0,1996-03-01,9999-12-31
01KU424A,'POLATAGAMA ESTATE','KURUNEGALA',7.52 N,80.15 E,16.0,1991-01-01,9999-12-31
01KY0078,'DEANSTONE','KANDY',7.33 N,80.87 E,16.0,1926-12-01,1967-02-28
01KY0083,'DELTOTA','KANDY',7.15 N,80.70 E,16.0,1920-06-01,1973-08-31
01KY0098,'DORAGALLA ESTATE','KANDY',7.08 N,80.60 E,16.0,1907-08-01,1973-09-30
01KY0099,'DUCKWARI ESTATE','KANDY',7.35 N,80.78 E,1006.1,1888-04-01,9999-12-31
01KY0121,'GALAGEDARA','KANDY',7.37 N,80.53 E,16.0,1941-01-01,1966-10-31
01KY0127,"'GALPHELE, WATTEGAMA'",'KANDY',7.35 N,80.70 E,701.2,1898-01-01,9999-12-31
01KY0129,'GAMPOLA','KANDY',7.17 N,80.57 E,16.0,1938-01-01,1971-09-30
01KY0139,'GONAWELLA ESTATE','KANDY',7.38 N,80.80 E,16.0,1952-07-01,1974-05-31
01KY0159,'HENDON ESTATE','KANDY',7.40 N,80.87 E,16.0,1916-07-01,1963-12-31
01KY0175,'IDDUMAKELLE ESTATE','KANDY',7.30 N,80.95 E,16.0,1928-08-01,1980-07-31
01KY0190,'KADUGANNAWA','KANDY',7.25 N,80.52 E,16.0,1938-01-01,1974-11-30
01KY0211,'KANDY-KINGS PAVILION','KANDY',7.30 N,80.63 E,510.4,1922-08-01,9999-12-31
01KY0223,'KATUGASTOTA-P.W.D.','KANDY',11.18 N,11.18 E,16.0,1879-01-01,1961-04-30
01KY0234,'KELLIE ESTATE','KEGALLE',7.12 N,80.43 E,16.0,1921-06-01,9999-12-31
01KY0245,'KIRIMETIYA ESTATE','KANDY',7.22 N,80.68 E,929.9,1929-05-01,9999-12-31
01KY0249,'KOBONELLA ESTATE','KANDY',7.35 N,80.85 E,1372.0,1882-04-01,9999-12-31
01KY0262,'KUNDASALE FARM','KANDY',7.27 N,80.68 E,492.0,1947-10-01,9999-12-31
01KY0270,'LEBANON GROUP','KANDY',7.40 N,80.77 E,16.0,1952-07-01,1981-11-30
01KY0285,'MADUGODA','KANDY',7.32 N,80.88 E,16.0,1913-01-01,1974-12-31
01KY0314,"'MARIYAWATTA,GAMPOLA'",'KANDY',7.13 N,80.57 E,16.0,1880-06-01,1959-08-31
01KY0328,'MEERIATENNA','KANDY',7.17 N,80.80 E,16.0,1912-01-01,1963-12-31
01KY0338,'MINIPE IRRIGATION','KANDY',7.25 N,81.00 E,16.0,1936-03-01,1963-12-31
01KY0339,'MINIPE TOBACCO STATION','KANDY',7.25 N,81.00 E,16.0,1941-01-01,1954-12-31
01KY0346,'MORAKANDA GROUP','KANDY',7.40 N,80.55 E,16.0,1952-01-01,1963-08-31
01KY0354,'MURAPOLA','KANDY',7.20 N,80.75 E,16.0,1947-04-01,1971-05-31
01KY0370,'NAWALAPITIYA','KANDY',7.07 N,80.53 E,16.0,1937-07-01,9999-12-31
01KY0374,'NEW FOREST','KANDY',7.15 N,80.68 E,16.0,1901-01-01,9999-12-31
01KY0378,'NILLOOMALLY ESTATE','KANDY',7.43 N,80.72 E,16.0,1941-01-01,1981-03-31
01KY0387,'ONANAGALLA ESTATE','KANDY',7.40 N,80.72 E,16.0,1920-01-01,1987-12-31
01KY0392,'ORWELL ESTATE','KANDY',7.15 N,80.58 E,16.0,1901-01-01,1963-12-31
01KY0394,'PADUPOLA','KANDY',7.00 N,80.47 E,16.0,1879-01-01,1974-03-31
01KY0401,'PALLEWATTE','KANDY',7.35 N,80.95 E,16.0,1957-01-01,1971-12-31
01KY0417,'PERADENIYA EXP.STATION','KANDY',7.27 N,80.60 E,16.0,1922-05-01,1963-12-31
01KY0418,'PERADENIYA BOT.GARDENS','KANDY',7.27 N,80.60 E,16.0,1883-07-01,9999-12-31
01KY0419,'PERADENIYA UNIVERSITY','KANDY',7.25 N,80.60 E,16.0,1954-01-01,1962-12-31
01KY0429,'POOPRASSIE ESTATE','KANDY',7.13 N,80.67 E,16.0,1921-01-01,1984-12-31
01KY0442,'RAJAWELLA ESTATE','KANDY',7.30 N,80.73 E,16.0,1871-01-01,1983-03-31
01KY0471,'SOGAMA ESTATE','KANDY',7.12 N,80.62 E,16.0,1884-11-01,9999-12-31
01KY0472,'SOUTH WANARAJAH ESTATE','KANDY',6.87 N,80.58 E,16.0,1885-02-01,1982-05-31
01KY0477,'ST.MARTINGS (LOWER) EST.','KANDY',7.38 N,80.85 E,16.0,1929-01-01,1963-11-30
01KY0478,'ST.MARTINGS (UPPER) EST.','KANDY',11.18 N,11.18 E,16.0,1886-08-01,1963-12-31
01KY0493,'THEYDON BOIS','KANDY',7.07 N,80.52 E,16.0,1928-01-01,1978-05-31
01KY0529,'WARAGALANDA ESTATE','KANDY',7.37 N,80.75 E,16.0,1903-01-01,1973-12-31
01KY0535,'WATTEGAMA','KANDY',7.35 N,80.68 E,16.0,1938-01-01,1952-12-31
01KY0547,'WOODSIDE ESTATE','KANDY',7.27 N,80.83 E,950.0,1897-10-01,9999-12-31
01KY0552,'YARROW ESTATE','KANDY',7.15 N,80.67 E,16.0,1883-03-01,1980-06-30
01KY082D,"'DELTA ESTATE,SOUTH DIV'",'KANDY',7.10 N,80.65 E,0.0,1996-01-01,9999-12-31
01KY082E,"'DELTA ESTATE,EAST DIV'",'KANDY',7.12 N,80.67 E,0.0,1996-01-01,9999-12-31
01KY082F,'DELTA NORTH DIVISION','KANDY',0.00 N,0.00 E,0.0,2006-09-26,9999-12-31
01KY095A,"'DOLOSBAGE,INGURUGOLLA'",'KANDY',7.12 N,80.45 E,0.0,1993-01-01,9999-12-31
01KY122A,'GALAHA FARM','KANDY',7.18 N,80.67 E,0.0,2002-10-01,9999-12-31
01KY123B,'GANNORUWA','KANDY',7.28 N,80.58 E,16.0,1954-01-01,1958-12-31
01KY132A,'GIDDAWA','KANDY',7.42 N,80.73 E,480.0,2008-01-29,9999-12-31
01KY140C,'GOOROOKELE GROUP','KANDY',7.08 N,80.65 E,16.0,1992-04-01,9999-12-31
01KY147B,'HANDESSA- DAULAGALA','KANDY',7.23 N,80.57 E,16.0,1987-06-01,9999-12-31
01KY153D,'MOOLGAMA GROUP','KANDY',7.17 N,80.65 E,16.0,1992-03-01,9999-12-31
01KY277B,'LOOLWATTHA','KANDY',7.38 N,80.85 E,1480.0,2001-10-01,9999-12-31
01KY286A,'MAHABERIYATENNA','KANDY',7.27 N,80.77 E,16.0,1989-01-01,9999-12-31
01KY286B,'MADULKELE','KANDY',7.37 N,80.73 E,750.0,2003-02-01,9999-12-31
01KY299A,'MAILAPITIYA','KANDY',7.22 N,80.73 E,535.0,2003-07-01,9999-12-31
01KY317I,'KOTHMALE(NILLAMBE) P/S','KANDY',7.02 N,80.58 E,0.0,1990-01-01,9999-12-31
01KY317K,'RANDENIGALA','KANDY',11.18 N,*****,0.0,1994-01-01,9999-12-31
01KY317L,'KOTHMALE POWER STATION','KANDY',7.12 N,80.57 E,0.0,1996-01-01,9999-12-31
01KY317N,'KOTHMALE RESERVOIR','KANDY',7.02 N,80.58 E,0.0,1998-01-01,9999-12-31
01KY317O,'POLGOLLA','KANDY',7.32 N,80.62 E,440.8,1996-06-01,9999-12-31
01KY317P,'VICTORIA','KANDY',7.25 N,80.78 E,0.0,1994-05-01,9999-12-31
01ky328a,'DELETED-MELFORT','KANDY',7.12 N,80.63 E,16.0,1991-04-01,9999-12-31
01KY328C,'MEDDEGODA','KANDY',7.12 N,80.50 E,16.0,1992-04-01,9999-12-31
01KY333A,'MILAPITIYA','KANDY',7.23 N,80.75 E,16.0,1895-04-01,1963-12-31
01KY338A,'MINIPE CIRCUIT BUNGALOW','KANDY',7.22 N,80.98 E,16.0,1936-01-01,1972-12-31
01KY348A,'MORAYAYA','KANDY',7.30 N,80.98 E,16.0,1937-06-01,1963-12-31
01KY356A,"'MURUTALAWA,SURIYAGODA'",'KEGALLE',7.32 N,80.40 E,16.0,1991-08-01,9999-12-31
01KY389B,'ORION ESTATE','KANDY',7.52 N,80.15 E,16.0,1992-03-01,1992-10-31
01KY401A,'PALLEKELE','KANDY',7.28 N,80.72 E,470.0,2007-11-16,9999-12-31
01KY407B,'PANVILATENIYA','KANDY',7.15 N,80.62 E,760.0,2006-02-25,9999-12-31
01KY490B,'TELDENIYA','KANDY',7.30 N,80.77 E,16.0,1938-01-01,1954-02-28
01KY536B,'WELIGALLA','KANDY',7.18 N,80.43 E,540.0,2009-11-14,9999-12-31
01MG0029,'BADULUWELA','MONARAGALA',7.08 N,81.42 E,16.0,1952-08-01,1969-02-28
01MG0036,'BANDARAWELA-IRRIGATION','BADULLA',6.83 N,80.98 E,1219.5,1947-04-01,9999-12-31
01MG0044,'BIBILE DISPENSARY','MONARAGALA',7.17 N,81.23 E,251.7,1901-01-01,9999-12-31
01MG0055,'BUTTALA HOSPITAL','MONARAGALA',6.75 N,81.23 E,16.0,1896-01-01,1963-12-31
01MG0114,'ETILIWEWA','MONARAGALA',6.62 N,81.12 E,16.0,1948-01-01,1978-10-31
01MG0131,'GEELONG ESTATE','MONARAGALA',6.95 N,81.38 E,16.0,1916-09-01,1973-06-30
01MG0147,'HAMBEGAMUWA','MONARAGALA',6.53 N,80.95 E,152.4,1894-01-01,9999-12-31
01mg01b,'TISSAPURA','MONARAGALA',7.30 N,81.08 E,150.0,2008-06-27,9999-12-31
01MG0342,'MONERAGALA HOSPITAL','MONARAGALA',6.90 N,81.33 E,16.0,1897-09-01,1962-11-30
01MG0343,'MONERAGALA ORCHARDS','MONARAGALA',6.92 N,81.35 E,16.0,1941-09-01,1953-11-30
01MG0385,'OKKAMPITIYA','MONARAGALA',6.75 N,81.30 E,16.0,1941-01-01,9999-12-31
01MG0424,'PITAKUMBURA','MONARAGALA',7.18 N,81.30 E,16.0,1952-11-01,1963-12-31
01MG044A,'BIBLE AGRI. TRAINING CEN','MONARAGALA',7.15 N,81.22 E,820.0,2000-06-01,9999-12-31
01MG0488,'TANAMALWILA RURAL HOSP.','MONARAGALA',6.43 N,81.13 E,16.0,1989-01-01,9999-12-31
01MG0489,"'TANAMALWILA,(SARVODAYA)'",'MONARAGALA',6.45 N,81.15 E,16.0,1898-06-01,1986-11-30
01MG055A,'BUTTALA M.R.S','MONARAGALA',6.68 N,81.27 E,0.0,1999-04-01,2002-06-30
01MG055B,'BUTTALA WATER SUPPLY','MONARAGALA',6.75 N,81.23 E,0.0,2000-06-01,9999-12-31
01MG055C,'BUTTALA - KONKETIYA','MONARAGALA',6.65 N,81.27 E,0.0,2004-06-01,9999-12-31
01MG087B,'DENAGIRIYA SCHOOL','MONARAGALA',7.07 N,81.57 E,27.4,1961-07-01,1966-02-28
01MG114A,'ETIMOLE WEWA','MONARAGALA',6.82 N,81.45 E,27.4,1959-01-01,1973-12-31
01MG141B,'HANDAPANAGALA','MONARAGALA',6.65 N,81.12 E,150.0,2007-11-16,9999-12-31
01MG147C,'HANDAPANAGALA','MONARAGALA',6.68 N,81.10 E,0.0,1994-01-01,9999-12-31
01MG147C,'HANDAPANAGALA','MONARAGALA',6.68 N,81.10 E,0.0,1994-01-01,9999-12-31
01MG221A,'KATARAGAMA','MONARAGALA',6.42 N,81.33 E,16.0,1989-01-01,9999-12-31
01MG260A,'KUMBUKKANA','MONARAGALA',6.77 N,80.28 E,440.0,2006-03-10,9999-12-31
01MG282A,'MEDAGAMA WATER SUPPLY','MONARAGALA',7.10 N,81.25 E,850.0,2000-06-01,9999-12-31
01MG282A,'MEDAGAMA WATER SUPPLY','MONARAGALA',7.10 N,81.25 E,850.0,2000-06-01,2003-10-31
01MG343B,'MONARAGALA WATER SUPPLY','MONARAGALA',6.87 N,81.35 E,475.0,2000-06-01,9999-12-31
01MG469C,'MUTUKANDIYA TANK','MONARAGALA',6.97 N,81.50 E,0.0,1993-12-01,9999-12-31
01MG488A,'TANAMALWILA WATER SUPPLY','MONARAGALA',6.47 N,81.12 E,250.0,2000-06-01,9999-12-31
01MG501B,'XXXX','MONARAGALA',7.30 N,81.08 E,150.0,2008-06-27,9999-12-31
01MG518B,'VYKKUMBURA ESTATE','MONARAGALA',7.52 N,80.15 E,16.0,1989-07-01,9999-12-31
01MG538A,'WELIPITIYA COCONUT','MONARAGALA',7.15 N,81.25 E,16.0,1992-01-01,9999-12-31
01MG540A,'WELLAWAYA','MONARAGALA',6.73 N,81.10 E,16.0,1983-10-01,9999-12-31
01MG540B,'WELLAWAYA WATER SUPPLY','MONARAGALA',6.72 N,81.08 E,300.0,2000-06-01,9999-12-31
01ML0023,'ARAWAKUMBURA','MATALE',7.08 N,81.20 E,16.0,1952-11-01,1966-01-31
01ML0072,'CRYSTAL HILL ESTATE','MATALE',7.50 N,80.65 E,426.8,1880-07-01,9999-12-31
01ML0074,'DAMBULLA HOSPITAL','MATALE',7.87 N,80.65 E,16.0,1869-01-01,1957-11-30
01ML0107,'ELKADUWA','MATALE',7.42 N,80.68 E,792.7,1911-07-01,9999-12-31
01ML0118,'FOREST HILL','MATALE',7.58 N,80.22 E,16.0,1949-01-01,1964-07-31
01ML0177,'ILLUKKUMBURA','MATALE',7.55 N,80.77 E,1219.5,1936-06-01,9999-12-31
01ML0192,'KAGAMA','MATALE',8.07 N,80.50 E,16.0,1941-01-01,1953-12-31
01ML0208,'KANDALAMA','MATALE',7.87 N,80.68 E,16.0,1952-05-25,9999-12-31
01ML0294,'MAHARAJAH GROUP','MATALE',7.60 N,80.65 E,16.0,1946-01-01,1963-12-31
01ML0318,'MATALE-P.W.D.','MATALE',7.47 N,80.62 E,16.0,1879-01-01,9999-12-31
01ML0337,'MILLAWANA ESTATE','MATALE',7.67 N,80.55 E,16.0,1937-11-01,9999-12-31
01ML0351,'MOUSSAKANDA','MATALE',7.53 N,80.22 E,16.0,1949-01-01,1974-02-28
01ML0361,'NALANDA EXPER.STATION','MATALE',7.67 N,80.63 E,16.0,1922-11-01,9999-12-31
01ML0416,'PELWEHERA','MATALE',7.90 N,80.68 E,16.0,1929-10-01,9999-12-31
01ML0465,'SIGIRIYA','MATALE',7.95 N,80.75 E,16.0,1921-11-01,1974-12-31
01ML0522,'VICARTON ESTATE','MATALE',7.48 N,80.58 E,16.0,1890-01-01,1969-12-31
01ML0531,'WARIYAPOLA ESTATE','MATALE',7.47 N,80.63 E,16.0,1887-01-01,9999-12-31
01ML0546,'WIHARAGAMA ESTATE','MATALE',7.50 N,80.65 E,16.0,1950-10-01,9999-12-31
01ML074E,'DAMBULLA FARM (C.A.D.C)','MATALE',7.85 N,80.63 E,0.0,1999-12-01,9999-12-31
01ML074F,'DAMBULLA TEC.COLLEGE','MATALE',1.00 N,1.00 E,0.0,2010-08-01,9999-12-31
01ML087A,'DEWAHUWA','ANURADHAPURA',7.80 N,80.55 E,16.0,1953-05-01,9999-12-31
01ML107A,'ELKADUWA ESTATE','MATALE',7.42 N,80.68 E,762.0,1999-12-01,9999-12-31
01ML150A,'HAPPUWIDDE DIV (ELKADUWA','MATALE',7.42 N,80.68 E,1068.0,1999-12-91,9999-12-31
01ML277A,'LOOLKADE DIVISION','MATALE',7.65 N,80.55 E,0.0,1989-01-01,9999-12-31
01ML317J,'UKUWELA','MATALE',7.40 N,80.65 E,16.0,1993-01-01,9999-12-31
01ML317M,'BOWATENNA','MATALE',7.65 N,80.65 E,0.0,1996-06-01,9999-12-31
01ML324A,'MEDAPEELLA','MATALE',7.70 N,80.73 E,200.0,2008-05-01,9999-12-31
01ML368A,'NAULA (MATALE DISTRICT)','MATALE',7.70 N,80.67 E,16.0,1956-01-01,1965-12-31
01ML389A,'RATTOTA','MATALE',11.18 N,*****,0.0,1990-09-01,9999-12-31
01ML389B,'OWELLA - RATTOTA','MATALE',7.52 N,80.65 E,16.0,1990-09-01,9999-12-31
01ML400B,"'PALLEGAMA,LAGGALA'",'MATALE',7.53 N,80.83 E,16.0,1936-08-01,1963-12-31
01ML540D,'WELLEWALA','MATALE',7.67 N,80.82 E,160.0,2008-05-01,9999-12-31
01ML544A,'WEWELMADA','MATALE',7.48 N,80.68 E,833.8,2003-10-01,9999-12-31
01ML546A,'WILGAMUWA','MATALE',7.52 N,80.95 E,16.0,1955-01-01,1970-12-31
01MN001A,'AKATHIMURIPPU','MANNAR',8.75 N,80.15 E,30.5,1922-12-01,9999-12-31
01MN0309,'MANNAR WATER WORKS','MANNAR',8.98 N,79.88 E,16.0,1922-04-01,1963-12-31
01MN0310,'MANTOTA HOSPITAL','MANNAR',8.95 N,79.97 E,16.0,1893-05-01,1940-12-31
01MN0315,'MARICHCHAKUDDI','MANNAR',8.57 N,79.93 E,16.0,1894-01-01,1990-11-30
01MN0356,'MURUNKAN','MANNAR',8.83 N,80.05 E,16.0,1901-01-01,9999-12-31
01MN0466,'SILAVATTURAI','MANNAR',8.75 N,79.95 E,16.0,1938-01-01,1964-10-31
01MN0484,'TALAIMANNAR','MANNAR',9.10 N,79.70 E,16.0,1921-09-01,1972-08-31
01MN0521,'VEPPANKULAM','MANNAR',8.78 N,80.02 E,16.0,1938-01-01,1991-11-30
01MN220A,'KARUKKAIKULAM','MANNAR',8.92 N,80.02 E,16.0,1941-01-01,9999-12-31
01MN250B,'KONDACHCHI','MANNAR',8.72 N,79.97 E,16.0,1989-01-01,1990-03-31
01MN300A,'MADU PARK FARM','MANNAR',8.83 N,80.18 E,16.0,1967-03-01,1985-10-31
01MN420A,'PERIYAMADHU','MANNAR',8.98 N,80.17 E,16.0,1989-01-01,1991-02-28
01MT0018,'ANNINGKANDA ESTATE','MATARA',6.35 N,80.62 E,533.5,1884-06-01,9999-12-31
01MT001D,'ALPALADENIYA','MATARA',6.28 N,80.43 E,0.0,2000-01-01,9999-12-31
01MT0020,'ARACHCHI AMUNA','MATARA',6.15 N,80.70 E,16.0,1916-10-01,1963-12-31
01MT0042,'BERALAPANATARA','MATARA',6.32 N,80.58 E,16.0,1941-01-01,1963-11-30
01MT0061,'CHARLEY MOUNT ESTATE','MATARA',6.00 N,80.47 E,15.2,1942-03-01,9999-12-31
01MT0076,'DANDENIYA TANK','MATARA',6.00 N,80.65 E,16.0,1880-01-15,9999-12-31
01MT0085,'DENAGAMA','MATARA',6.10 N,80.65 E,16.0,1879-01-01,9999-12-31
01MT0088,'DICKWELLA','MATARA',5.97 N,80.70 E,16.0,1952-01-01,1956-12-31
01MT0096,'DOOROOMADELLA BUNGALOW','MATALE',7.57 N,80.22 E,16.0,1936-06-01,1974-02-28
01MT0097,'DOOROOMADELLA ESTATE','MATALE',7.57 N,80.22 E,16.0,1905-01-01,1974-02-28
01MT0109,'ELLAWELLA TANK','MATARA',6.08 N,80.60 E,79.3,1879-01-01,1991-12-31
01MT0125,'GALEWELA','MATALE',7.77 N,80.57 E,16.0,1905-01-01,1963-12-31
01MT0128,'GAMMADUWA ESTATE','MATALE',7.57 N,80.20 E,16.0,1875-04-01,1973-06-30
01MT0143,'HALIELLA','MATARA',6.08 N,80.55 E,16.0,1879-01-01,1988-02-29
01MT0202,'KAMBURUPITIYA','MATARA',6.07 N,80.57 E,243.9,1951-11-01,9999-12-31
01MT0218,'KARAGODA UYANGODA','MATARA',6.07 N,80.53 E,16.0,1937-04-01,1990-07-31
01MT0232,'KEKENADURA (MATARA)','MATARA',5.97 N,80.57 E,48.8,1879-02-01,9999-12-31
01MT024B,'ATHUELA','MATARA',6.23 N,80.47 E,650.0,2005-07-01,9999-12-31
01MT0302,'MALIDUWA','MATARA',6.13 N,80.42 E,16.0,1934-06-01,1963-05-31
01MT0311,'MAPALANA','MATARA',6.07 N,80.57 E,16.0,1941-05-01,9999-12-31
01MT0319,'MATARA HOSPITAL','MATARA',5.95 N,80.55 E,16.0,1917-01-01,1959-12-31
01MT0322,'MAWARELLA ESTATE','MATARA',6.20 N,80.58 E,16.0,1925-03-01,9999-12-31
01MT0334,'MILLAWA','MATARA',6.28 N,80.47 E,16.0,1935-02-01,1963-11-30
01MT0348,'MORAWAKA','MATARA',6.25 N,80.50 E,16.0,1908-12-01,1961-06-30
01MT0400,"'PALLEGAMA,RATHNAYAKE GP'",'MATARA',6.35 N,80.53 E,16.0,1989-01-01,9999-12-31
01MT042A,'BERALAPANATARA (V.C)','MATARA',6.32 N,80.58 E,16.0,1941-01-01,1948-08-31
01MT0462,'SEMIDALE GROUP','MATARA',6.05 N,80.47 E,16.0,1942-01-01,1965-05-31
01MT0491,'TELIJJAWILA','MATARA',6.02 N,80.50 E,16.0,1980-01-01,9999-12-31
01MT0496,'THIHAGODA','MATARA',6.00 N,80.57 E,16.0,1941-01-01,9999-12-31
01MT0512,'URUBOKKA','MATARA',6.30 N,80.63 E,16.0,1952-06-01,1958-11-30
01MT0537,'WELIGAMA','MATARA',5.97 N,80.42 E,16.0,1941-01-01,1954-12-31
01MT074B,'DAMPAHALA TEA FACTORY','MATARA',6.27 N,80.63 E,176.0,1992-12-01,9999-12-31
01MT085B,"'DENIYAYA, WILLIE GROUP'",'MATARA',6.33 N,80.55 E,0.0,1996-11-20,9999-12-31
01MT092B,'DODANGASLANDA','KURUNEGALA',7.57 N,80.53 E,16.0,1987-06-01,9999-12-31
01MT134B,'GOLUWAWATTA','MATARA',6.10 N,80.48 E,16.0,1965-02-15,9999-12-31
01MT150A,'HAPUWIDE','MATALE',7.42 N,80.68 E,1068.0,1999-11-12,9999-12-31
01MT232A,'KEKANADURA FARM','MATARA',5.97 N,80.57 E,11.0,1989-01-01,9999-12-31
01MT254B,'KOTAPOLA(MUGUNUMULLA)','MATARA',6.30 N,80.57 E,955.0,2010-03-05,9999-12-31
01MT299A,"'METHSIRI EST, MAKANDURA'",'MATARA',6.13 N,80.53 E,16.0,1992-01-01,9999-12-31
01MT302A,'MALWANA ESTATE','MATARA',6.27 N,80.53 E,0.0,1995-08-01,9999-12-31
01MT366A,'NATAGALA','MATARA',6.38 N,80.57 E,0.0,1996-11-20,9999-12-31
01MT404B,'PANETIYANA','MATARA',6.03 N,80.45 E,200.0,2003-07-01,9999-12-31
01MT473A,'ST. AUGUSTINE ESTATE','MATARA',6.32 N,80.57 E,0.0,1990-03-01,9999-12-31
01MT484A,'TALAPATH KANDA','MATARA',6.22 N,80.62 E,1100.0,2008-09-03,9999-12-31
01MT510A,"'MATARA, UNIVERSITY'",'MATARA',5.93 N,80.58 E,0.0,1994-01-01,9999-12-31
01MT510B,'UNIVERSITY OF RUHUNA M/C','MATARA',11.18 N,*****,0.0,1998-09-01,9999-12-31
01MT537A,'WELIGAMA (COCONUT)','MATARA',5.98 N,80.40 E,16.0,1993-04-01,9999-12-31
01MU0216,'KANNUKKENI TANK','MULLAITIVU',9.20 N,80.80 E,30.5,1905-03-01,9999-12-31
01MU022A,'AMBALPERUMALKULAM','MULLAITIVU',9.25 N,80.28 E,16.0,1973-04-01,9999-12-31
01MU0308,'MANKULAM','MULLAITIVU',9.13 N,80.45 E,16.0,1892-01-01,1991-12-31
01MU0353,'MULLAITIVU KACHCHERI','MULLAITIVU',9.27 N,80.82 E,16.0,1929-02-01,1980-03-31
01mu0356,'MURUNKAN','MULLAITIVU',0.13 N,80.05 E,40.0,1901-01-01,9999-12-31
01MU0492,'THANNIMURIPPU','MULLAITIVU',9.08 N,80.75 E,16.0,1961-01-01,9999-12-31
01MU353B,'MULLAITIVU P.W.D.','MULLAITIVU',9.23 N,80.77 E,16.0,1879-01-01,1920-12-31
01MU357A,'MUTU IYANKADDU','MULLAITIVU',9.22 N,80.65 E,16.0,1978-05-01,9999-12-31
01MU383B,'ODDUSUDAN','MULLAITIVU',9.15 N,80.65 E,16.0,1978-09-01,1987-07-31
01MU518A,'VAVUNIKULAM','MULLAITIVU',9.10 N,80.33 E,16.0,1957-01-01,9999-12-31
01NE0001,'ABERGELDIE GROUP','NUWARA ELIYA',6.90 N,80.58 E,1097.6,1884-03-01,9999-12-31
01NE0010,'AMBEWELA','NUWARA ELIYA',6.88 N,80.80 E,1828.4,1952-01-01,9999-12-31
01NE0017,'ANNFIELD ESTATE','NUWARA ELIYA',6.87 N,80.63 E,1311.0,1887-11-01,9999-12-31
01NE0046,'BLACKWATER','NUWARA ELIYA',7.00 N,80.50 E,16.0,1921-06-01,1990-10-31
01NE0048,'BLAIR ATHOL','KANDY',6.85 N,80.58 E,16.0,1878-05-01,1974-04-30
01NE0049,'BOPATTHALAWA','NUWARA ELIYA',6.83 N,80.72 E,1539.6,1941-11-01,9999-12-31
01NE0051,'BULUGAHAPITIYA','NUWARA ELIYA',7.12 N,80.78 E,16.0,1913-09-01,1977-08-31
01NE0057,'CALEDONIA ESTATE','NUWARA ELIYA',6.90 N,80.72 E,16.0,1880-11-01,1970-01-31
01NE0058,'CAMPION ESTATE','NUWARA ELIYA',6.78 N,80.70 E,1820.3,1885-08-01,9999-12-31
01NE0071,'CONICAL HILL ESTATE','NUWARA ELIYA',6.90 N,80.77 E,16.0,1937-07-01,1978-05-31
01NE0090,'DIMBULA','NUWARA ELIYA',6.95 N,80.63 E,16.0,1920-05-01,1986-02-28
01NE0101,'DUNSINANE ESTATE','NUWARA ELIYA',7.00 N,80.70 E,1536.6,1886-05-01,9999-12-31
01NE0142,'HAKGALA BOTANICAL GDNS','NUWARA ELIYA',6.92 N,80.82 E,1701.2,1883-07-01,9999-12-31
01NE0148,'HANGURANKETA GROUP','NUWARA ELIYA',7.18 N,80.78 E,16.0,1952-01-01,1979-06-30
01ne0153,'HATTUN ROSITA','NUWARA ELIYA',6.92 N,80.60 E,1311.0,1978-06-01,9999-12-31
01NE0154,'HATTON WATER WORKS','NUWARA ELIYA',6.88 N,80.62 E,16.0,1901-01-01,1940-12-31
01NE0156,'HELBODDE ESTATE','NUWARA ELIYA',7.08 N,80.67 E,834.1,1885-01-01,9999-12-31
01NE0157,'HELBODDE NORTH','NUWARA ELIYA',7.08 N,80.68 E,1493.9,1929-04-15,9999-12-31
01NE0166,'HOLMWOOD ESTATE','NUWARA ELIYA',6.85 N,80.72 E,1685.0,1881-08-01,9999-12-31
01NE0167,'HOPE ESTATE','NUWARA ELIYA',7.10 N,80.75 E,1432.9,1885-10-01,9999-12-31
01NE0188,'KABARAGALLA','NUWARA ELIYA',6.93 N,80.43 E,16.0,1883-07-01,1973-12-31
01NE0209,'KANDAPOLA','NUWARA ELIYA',6.98 N,80.83 E,16.0,1937-06-01,1970-12-31
01NE0210,'KANDE ELA','NUWARA ELIYA',6.92 N,80.80 E,16.0,1940-06-01,1970-12-31
01NE0236,'KENILWORTH (STRATHELLIE)','NUWARA ELIYA',7.00 N,80.48 E,762.2,1912-01-01,9999-12-31
01NE0264,'KURUNDU OYA','NUWARA ELIYA',7.07 N,80.83 E,16.0,1882-07-01,9999-12-31
01NE0266,'LABUKELLE','NUWARA ELIYA',7.02 N,80.72 E,16.0,1941-01-01,9999-12-31
01NE0274,'LIDDES DALE','NUWARA ELIYA',7.02 N,80.85 E,1570.0,1923-01-01,9999-12-31
01NE0296,'MAHA UVA ESTATE','NUWARA ELIYA',7.08 N,80.87 E,16.0,1934-11-01,1987-05-31
01NE0307,'MANDARA NUWARA ESTATE','NUWARA ELIYA',7.03 N,80.78 E,16.0,1946-01-01,9999-12-31
01NE0316,'MASKELIYA HOSPITAL','NUWARA ELIYA',6.83 N,80.57 E,16.0,1882-08-01,9999-12-31
01NE0320,'MATURATA HOSPITAL','NUWARA ELIYA',7.08 N,80.80 E,16.0,1905-11-01,1963-12-31
01NE033A,'BAMBRAKELLY - LINDULA','NUWARA ELIYA',6.88 N,80.65 E,0.0,1995-09-01,9999-12-31
01NE0350,'MOUSSAGALLA ESTATE','NUWARA ELIYA',6.92 N,81.13 E,16.0,1880-06-01,1940-12-31
01NE0360,'NAGRAK ESTATE','RATNAPURA',6.77 N,80.78 E,16.0,1933-10-01,9999-12-31
01NE0362,'NANU OYA','NUWARA ELIYA',6.93 N,80.75 E,16.0,1915-10-01,1976-04-30
01NE0381,'NORTON BRIDGE POLICE STN','NUWARA ELIYA',6.92 N,80.52 E,16.0,1925-01-01,1989-08-31
01NE0382,'NORWOOD (NEW VALLEY)','KANDY',6.83 N,80.60 E,16.0,1879-01-01,1991-11-30
01NE0383,'NUWARA ELIYA(LOVERS LP)','NUWARA ELIYA',6.98 N,80.80 E,16.0,1944-01-01,1953-12-31
01NE0388,'OONOOGALOYA ESTATE','NUWARA ELIYA',7.03 N,80.60 E,16.0,1923-03-01,1989-12-31
01NE0414,'PATIYAGAMA ESTATE','NUWARA ELIYA',7.17 N,80.70 E,16.0,1907-09-01,9999-12-31
01NE0436,'PUSSELLAWA','NUWARA ELIYA',7.12 N,80.63 E,16.0,1879-01-01,1940-12-31
01NE0454,'ROCK SPILL (ELAHERA)','NUWARA ELIYA',7.93 N,80.87 E,16.0,1939-01-01,1955-12-31
01NE0460,'SANDRINGHAM ESTATE','NUWARA ELIYA',6.85 N,80.75 E,16.0,1881-07-01,9999-12-31
01NE0505,'UDAMEDURA','NUWARA ELIYA',7.10 N,80.92 E,16.0,1930-10-25,1973-12-31
01NE0533,'WATAGODA','NUWARA ELIYA',6.97 N,80.65 E,16.0,1910-04-01,9999-12-31
01NE0534,'WATAWALA','NUWARA ELIYA',6.97 N,80.52 E,16.0,1910-04-01,9999-12-31
01NE0543,'WESTWARD HO ESTATE','NUWARA ELIYA',7.00 N,80.73 E,16.0,1927-06-01,9999-12-31
01NE0554,'YELLABENDA ESTATE','NUWARA ELIYA',7.03 N,80.58 E,16.0,1948-03-01,1991-07-31
01NE066A,'COOL WATER (GINIGAHHENA)','NUWARA ELIYA',7.02 N,80.50 E,0.0,2000-03-01,9999-12-31
01NE077B,'DARAWELLA','NUWARA ELIYA',6.87 N,80.60 E,1220.0,2006-09-27,9999-12-31
01NE088A,'DICK OYA','NUWARA ELIYA',6.88 N,80.58 E,1280.0,2006-09-28,9999-12-31
01NE098A,'DRAYTON','NUWARA ELIYA',6.92 N,80.62 E,0.0,1996-04-01,9999-12-31
01NE099B,'DAMBAR BANGALO','NUWARA ELIYA',6.88 N,80.58 E,1260.0,2006-09-27,9999-12-31
01NE133A,'COOLBOWN GINIGATHENA','NUWARA ELIYA',7.02 N,80.47 E,840.0,2006-06-06,9999-12-31
01NE138A,'GOONAPITIYA','NUWARA ELIYA',7.05 N,80.80 E,0.0,1996-03-01,9999-12-31
01NE140B,'GAURAVILLA ESTATE','NUWARA ELIYA',6.78 N,80.60 E,1443.0,1999-10-01,9999-12-31
01NE153A,'HATTON POLICE STATION','NUWARA ELIYA',6.90 N,80.60 E,16.0,1941-01-01,1967-08-30
01NE153B,"'HATTON,KOTAGALA'",'NUWARA ELIYA',6.92 N,80.60 E,1311.0,1978-06-01,9999-12-31
01NE157B,'HOLLY ROOD ESTATE','NUWARA ELIYA',6.95 N,80.67 E,0.0,1996-04-01,9999-12-31
01NE159A,'HIGH FOREST ESTATE','NUWARA ELIYA',7.07 N,80.83 E,16.0,1986-03-01,9999-12-31
01NE166B,'SUTTON DIVISON HOLMWOOD','NUWARA ELIYA',6.85 N,80.70 E,1440.0,2006-09-28,9999-12-31
01NE236A,'KENILWORTH ESTATE','NUWARA ELIYA',6.08 N,80.48 E,520.0,2006-09-27,9999-12-31
01NE272A,'LEMASURIYAGAMA','NUWARA ELIYA',7.15 N,80.83 E,16.0,1953-04-01,1990-12-31
01NE277C,'LOOLECONDERA ESTATE','NUWARA ELIYA',7.12 N,80.70 E,1080.0,2003-01-01,9999-12-31
01NE315A,'MARIGOLD FACTORY','NUWARA ELIYA',7.07 N,80.82 E,0.0,1996-04-01,9999-12-31
01NE317A,'CANYON','NUWARA ELIYA',6.88 N,80.53 E,16.0,1983-01-01,9999-12-31
01NE317B,'CASTLEREIGH','NUWARA ELIYA',6.87 N,80.57 E,16.0,1983-01-01,9999-12-31
01NE317D,'LAXAPANA','NUWARA ELIYA',6.90 N,80.52 E,16.0,1983-01-01,9999-12-31
01NE317E,'NORTON','NUWARA ELIYA',6.92 N,80.52 E,16.0,1984-04-01,9999-12-31
01NE317F,'MAUSSAKELLE','NUWARA ELIYA',6.85 N,80.55 E,16.0,1983-01-01,9999-12-31
01NE317G,'SAMANALA POWER STATION','NUWARA ELIYA',6.98 N,80.47 E,16.0,1989-01-01,9999-12-31
01NE317H,'WIMALASURENDRA POWER STN','NUWARA ELIYA',6.90 N,80.53 E,16.0,1983-01-01,9999-12-31
01NE362A,'SUMMERSET','NUWARA ELIYA',6.93 N,80.70 E,0.0,1996-11-18,9999-12-31
01NE376B,'NEWZELAND FARM','NUWARA ELIYA',6.87 N,80.80 E,1890.0,2005-10-01,9999-12-31
01NE382A,"'PRESIDENTS HOUSE,N-ELIYA'",'NUWARA ELIYA',6.98 N,80.77 E,16.0,1989-01-01,9999-12-31
01NE414C,'PATTIPOLA','NUWARA ELIYA',6.85 N,80.83 E,0.0,1994-01-01,9999-12-31
01NE415A,'PEDRO ESTATE','NUWARA ELIYA',6.97 N,80.78 E,0.0,1996-04-01,9999-12-31
01NE424D,'PIDURUTALAGALA FARM','NUWARA ELIYA',7.00 N,80.67 E,0.0,1999-02-01,9999-12-31
01NE427B,"'POLPITIYA,SAMANALA POWER'",'RATNAPURA',6.70 N,80.78 E,16.0,1989-01-01,9999-12-31
01NE464A,'SHANNON ESTATE','NUWARA ELIYA',6.90 N,80.57 E,0.0,1996-04-01,9999-12-31
01NE467B,'SITA ELIYA','NUWARA ELIYA',6.93 N,80.80 E,0.0,1966-01-01,9999-12-31
01NE467C,'SITAELIYA GOVT FARM','NUWARA ELIYA',6.95 N,80.78 E,0.0,1996-11-19,9999-12-31
01NE485B,'TALAWAKELE (ST COOMBS)','NUWARA ELIYA',6.92 N,80.70 E,16.0,1989-11-01,1991-10-31
01NE485D,'ST. CLAIR','NUWARA ELIYA',6.93 N,80.65 E,0.0,1996-11-18,9999-12-31
01NE491A,'TRIPHE','NUWARA ELIYA',11.18 N,*****,16.0,1930-01-01,1964-12-31
01NE492A,'TERIPEHA','NUWARA ELIYA',7.52 N,80.15 E,16.0,1931-10-01,1965-04-30
01NE506B,'UDARADELLA','NUWARA ELIYA',6.97 N,80.82 E,16.0,1989-01-01,9999-12-31
01NE534A,"'WATAWALA,RAILWAY STATION'",'NUWARA ELIYA',6.97 N,80.52 E,16.0,1993-01-01,9999-12-31
01NE534A,'WATAWALA-RAILWAY STATION','NUWARA ELIYA',6.97 N,80.52 E,16.0,1993-01-01,9999-12-31
01NE534B,"'WATAWALA, MOUNT JEAN'",'NUWARA ELIYA',6.95 N,80.52 E,0.0,1996-11-19,9999-12-31
01ne551a,'YARRAVALE ESTATE','NUWARA ELIYA',6.82 N,80.77 E,1850.0,2006-09-01,9999-12-31
01PL0007,'ALUT OYA','POLONNARUWA',8.22 N,80.90 E,16.0,1947-11-01,1963-12-31
01PL0015,'ANGAMEDILLA','POLONNARUWA',7.85 N,80.92 E,16.0,1941-01-01,9999-12-31
01PL0031,'BAKAMUNA','POLONNARUWA',7.77 N,80.82 E,16.0,1941-01-01,9999-12-31
01PL0123,'GAL-OYA ANICUT','POLONNARUWA',8.13 N,80.88 E,16.0,1909-08-01,1970-03-31
01PL0160,'HINGALGODA ESTATE','POLONNARUWA',11.18 N,*****,16.0,1952-09-01,1971-08-31
01PL0161,'HINGURAKDAMANA','POLONNARUWA',8.05 N,81.00 E,16.0,1941-01-01,9999-12-31
01PL0162,'HINGURAKGODA-AGRICULTURE','POLONNARUWA',8.05 N,80.95 E,39.6,1941-01-01,9999-12-31
01PL0163,'HINGURAKGODA-IRRIGATION','POLONNARUWA',8.05 N,80.95 E,16.0,1941-01-01,1958-07-31
01PL020A,'ARALAGANWILA','POLONNARUWA',7.80 N,81.15 E,60.0,2003-03-01,9999-12-31
01PL0288,'MADURU OYA','POLONNARUWA',7.63 N,81.22 E,16.0,1952-01-01,1957-12-31
01PL0306,'MANAMPITIYA','POLONNARUWA',7.92 N,81.12 E,16.0,1952-01-01,1963-12-31
01PL0340,'MINNERIYA TANK','POLONNARUWA',8.05 N,80.90 E,16.0,1899-03-01,9999-12-31
01PL0393,'PADAWIYA','ANURADHAPURA',8.83 N,80.77 E,16.0,1964-01-01,9999-12-31
01PL0427,'POLONNARUWA AGRI.STATION','POLONNARUWA',7.92 N,81.03 E,16.0,1940-01-01,9999-12-31
01PL0502,'THOPAWEWA','POLONNARUWA',7.95 N,81.03 E,16.0,1891-05-04,1976-08-31
01PL0538,'WELIKANDA (MUTHUWELLA)','POLONNARUWA',8.00 N,81.22 E,40.0,2002-01-01,9999-12-31
01PL092A,'DIYABEDUMA','POLONNARUWA',7.93 N,80.87 E,16.0,1960-01-01,9999-12-31
01PL093B,'DIYASENAPURA','POLONNARUWA',8.12 N,81.02 E,0.0,1993-01-01,9999-12-31
01PL104B,'ELAHERA','POLONNARUWA',7.68 N,80.82 E,16.0,1991-06-01,9999-12-31
01PL123A,'GAL-OYA','POLONNARUWA',8.13 N,80.87 E,76.2,1941-01-01,1990-01-31
01PL134A,'GIRITALE','POLONNARUWA',8.00 N,80.93 E,16.0,1953-07-01,9999-12-31
01PL134D,'GIRITALE (WILD LIFE)','POLONNARUWA',8.00 N,80.93 E,16.0,2004-01-01,9999-12-31
01PL141A,'HABARANA LODGE','POLONNARUWA',8.03 N,80.75 E,0.0,2001-04-01,9999-12-31
01PL224A,'KAUDULLA WEWA','POLONNARUWA',8.13 N,80.93 E,16.0,1953-05-01,9999-12-31
01PU0013,'ANAMADUWA DISPENSARY','PUTTALAM',7.88 N,80.00 E,76.3,1933-05-01,9999-12-31
01PU0040,'BATTULUOYA REST HOUSE','PUTTALAM',7.73 N,79.83 E,16.0,1910-12-01,1978-05-31
01PU0065,'CHILAW-P.W.D','PUTTALAM',7.58 N,79.78 E,3.0,1911-11-01,9999-12-31
01PU0170,'HORAKELLE ESTATE','PUTTALAM',7.45 N,79.85 E,15.2,1868-10-01,9999-12-31
01PU0199,'KALPITIYA REST HOUSE','PUTTALAM',8.25 N,79.77 E,16.0,1910-12-05,1983-05-31
01PU0220,'KARAITIVU','PUTTALAM',8.22 N,79.82 E,6.1,1935-08-01,9999-12-31
01PU0221,'KARUKKUWA ESTATE','PUTTALAM',7.50 N,79.83 E,16.0,1911-05-01,9999-12-31
01PU0281,'LUNUWILA (BANDIRIPPUWA)','PUTTALAM',7.33 N,79.87 E,16.0,1950-08-01,9999-12-31
01PU0287,'MADURANKULI','PUTTALAM',7.92 N,79.82 E,16.0,1946-07-01,1963-12-31
01PU028B,'BANGADENIYA CERAMIC','PUTTALAM',7.63 N,79.83 E,16.0,1983-04-01,9999-12-31
01PU0295,'MAHA USWEWA TANK','PUTTALAM',7.95 N,80.07 E,16.0,1892-01-01,9999-12-31
01PU0305,'MANAWERIYA ESTATE','PUTTALAM',7.63 N,79.83 E,16.0,1951-03-01,1977-08-31
01PU0359,'NACHCHIKKALI','PUTTALAM',8.17 N,79.73 E,16.0,1916-06-01,1990-07-31
01PU0367,'NATTANDIYA','PUTTALAM',7.42 N,79.87 E,16.0,1938-04-01,1956-12-31
01PU0397,'PALAVI SALTERN','PUTTALAM',7.98 N,79.83 E,16.0,1919-04-01,9999-12-31
01PU0402,'PALUGASWEWA ESTATE','PUTTALAM',7.65 N,79.87 E,16.0,1910-01-01,9999-12-31
01PU040A,'BATTULUOYA','PUTTALAM',7.72 N,79.82 E,5.0,2005-01-01,9999-12-31
01PU0428,'POMPARIPPU','PUTTALAM',8.35 N,79.88 E,16.0,1911-01-01,1958-03-31
01PU0437,'PUTTALAM EASTERN SALTERN','PUTTALAM',8.05 N,79.83 E,16.0,1916-16-01,1990-11-30
01PU0438,'PUTTALAM WESTERN SALTERN','PUTTALAM',8.05 N,79.82 E,16.0,1916-06-01,1990-11-30
01PU0449,'RATHMALAGARA AGMET','PUTTALAM',7.55 N,79.90 E,28.0,1938-07-01,9999-12-31
01PU0464,'SEGERSTA ESTATE','PUTTALAM',7.83 N,79.83 E,16.0,1952-08-01,1982-06-30
01PU0482,'TABBOWA AGRICULTURE','PUTTALAM',8.05 N,79.95 E,16.0,1938-08-01,1955-09-30
01PU0483,'TABBOWA IRRIGATION','PUTTALAM',8.07 N,79.95 E,16.0,1914-01-01,9999-12-31
01PU099A,'DUMMALASOORIYA','PUTTALAM',6.00 N,80.85 E,260.0,2005-11-01,9999-12-31
01PU169B,'HORAGASAGARA','KURUNEGALA',7.57 N,79.95 E,16.0,1989-01-01,9999-12-31
01PU201A,'KAMANDALUWA','PUTTALAM',7.77 N,80.00 E,0.0,1999-04-01,9999-12-31
01PU216A,'KARANDIPOOVAL','PUTTALAM',8.15 N,79.85 E,0.0,1999-04-01,9999-12-31
01PU245A,'KIRIMATIYANA (COCONUT)','PUTTALAM',7.35 N,79.88 E,16.0,1993-05-01,9999-12-31
01PU256A,'KOTTUKACHCHIYA','PUTTALAM',7.92 N,79.97 E,16.0,1939-06-01,9999-12-31
01PU282C,'NORACHOLAI','PUTTALAM',8.05 N,79.82 E,3.0,2006-11-08,9999-12-31
01PU307A,'MANGALAELIYA-DIVISURAEST','PUTTALAM',7.85 N,79.82 E,130.0,2005-01-01,9999-12-31
01PU313A,'MARAWILA','PUTTALAM',7.40 N,79.83 E,0.0,1995-07-01,9999-12-31
01PU353D,'PALMGROVE ESTATE','PUTTALAM',7.77 N,79.82 E,0.0,2005-01-01,9999-12-31
01PU428B,'POOTTWALA ESTATE','PUTTALAM',7.65 N,79.88 E,16.0,1992-11-01,9999-12-31
01PU473B,"'ST. ANNES ESTATE, DALUWA'",'PUTTALAM',8.08 N,79.75 E,0.0,1990-12-01,9999-12-31
01PU493B,'THORAWETIYA GROUP','PUTTALAM',7.43 N,79.92 E,16.0,1955-01-01,1981-08-31
01PU514B,'VANATHAWILLU','PUTTALAM',0.00 N,0.00 E,0.0,2006-11-08,9999-12-31
01PU526A,'WAIKKAL','GAMPAHA',7.27 N,79.87 E,16.0,1979-08-01,1985-12-31
01RT0005,'ALUPOLLA GROUP','RATNAPURA',6.72 N,80.58 E,762.5,1931-12-01,9999-12-31
01RT0032,'BALANGODA POST OFFICE','RATNAPURA',6.65 N,80.70 E,527.4,1922-07-01,9999-12-31
01RT0059,'CARNEY ESTATE','RATNAPURA',6.78 N,80.45 E,16.0,1914-01-01,1971-12-31
01RT0062,"'CHANDRIKAWEWA,THUNKAMA'",'RATNAPURA',6.28 N,80.88 E,111.0,1988-02-01,9999-12-31
01RT0086,'DEPEDENA GROUP','RATNAPURA',6.47 N,80.55 E,16.0,1942-01-01,9999-12-31
01RT0087,'DETANAGALLA','RATNAPURA',6.73 N,80.68 E,16.0,1912-09-01,9999-12-31
01RT0094,'DOLABADAKANDA','RATNAPURA',6.50 N,80.42 E,16.0,1936-11-01,1963-06-30
01RT0104,'EHELIYAGODA S.P.','RATNAPURA',6.85 N,80.27 E,225.6,1916-03-01,9999-12-31
01RT0111,"'EMBILIPITIYA,AGRICULTURE'",'RATNAPURA',6.32 N,80.85 E,76.2,1930-07-01,1954-03-31
01RT0124,'GALATURA ESTATE','RATNAPURA',6.70 N,80.28 E,16.0,1936-12-01,9999-12-31
01RT0133,'GILIMALAY ESTATE','RATNAPURA',6.75 N,80.43 E,16.0,1944-01-01,1978-09-30
01RT0136,'GODAKAWELA','RATNAPURA',6.50 N,80.65 E,204.3,1913-09-01,9999-12-31
01RT0138,"'GONAPENIGALA,IRANGANIE E'",'RATNAPURA',6.57 N,80.33 E,408.5,1930-01-01,9999-12-31
01RT0144,'HALLAYEN ESTATE','RATNAPURA',6.65 N,80.35 E,16.0,1919-04-01,1974-04-30
01RT0151,'HAPUGASTENNA ESTATE','RATNAPURA',6.72 N,80.52 E,594.5,1944-01-01,9999-12-31
01RT016A,'ANHETTIGAMA ESTATE','RATNAPURA',6.93 N,80.37 E,11.0,1990-06-01,9999-12-31
01RT0195,'KALATUWAWA','RATNAPURA',6.85 N,80.20 E,16.0,1941-01-01,9999-12-31
01RT0196,'KALAWANA','RATNAPURA',6.53 N,80.40 E,16.0,1952-06-01,1973-12-31
01RT0219,'KARAPINCHA','RATNAPURA',6.73 N,80.35 E,16.0,1949-06-01,1963-11-30
01RT0228,'KEENAGAHAELLA ESTATE','RATNAPURA',6.68 N,80.73 E,16.0,1907-01-01,1960-11-30
01RT0237,'KERAGALA','RATNAPURA',6.78 N,80.35 E,121.9,1912-09-01,9999-12-31
01RT0248,'KITULGALA REST HOUSE','RATNAPURA',11.18 N,11.18 E,16.0,1900-01-01,1962-12-31
01RT0250,'KOKKAWITA','RATNAPURA',6.48 N,80.38 E,16.0,1929-09-01,1963-12-31
01RT0251,'KOLONNA','RATNAPURA',6.42 N,80.68 E,16.0,1936-01-01,1966-07-31
01RT0297,'MAHAWALATENNA','RATNAPURA',6.58 N,80.75 E,16.0,1893-10-01,9999-12-31
01RT0313,'MARAMBEKANDA ESTATE','RATNAPURA',6.88 N,80.20 E,16.0,1964-01-01,1981-06-30
01RT0317,'MASSENA','RATNAPURA',6.67 N,80.63 E,16.0,1943-08-01,1954-01-30
01rt0360,'NAGRAK ESTATE','RATNAPURA',6.77 N,80.78 E,16.0,1933-10-01,9999-12-31
01RT0379,'NIVITIGALA','RATNAPURA',6.60 N,80.43 E,16.0,1938-04-15,1965-12-31
01RT0405,'PANILKANDA ESTATE','RATNAPURA',6.35 N,80.63 E,16.0,1897-03-01,1992-09-30
01RT0415,"'PELMADULLA,GODAGAMA'",'RATNAPURA',6.62 N,80.55 E,16.0,1879-01-01,1990-05-31
01RT042C,'BELIHULOYA','RATNAPURA',6.72 N,80.77 E,670.0,2006-06-07,9999-12-31
01RT0435,'PUSSELLA S.P.','RATNAPURA',6.80 N,80.35 E,16.0,1951-11-01,9999-12-31
01RT0448,'RASAGALLA ESTATE','RATNAPURA',6.68 N,80.63 E,16.0,1920-08-01,1973-12-31
01RT045B,'BITHUGALGAMA','RATNAPURA',6.62 N,80.73 E,0.0,1998-06-01,9999-12-31
01RT0481,'SUNDERLAND ESTATE','RATNAPURA',6.85 N,80.23 E,16.0,1922-01-01,9999-12-31
01RT0509,'UGGALKALTOTA','RATNAPURA',6.67 N,80.88 E,16.0,1916-01-01,1967-09-30
01RT050B,'BRAMPTON','RATNAPURA',6.75 N,80.82 E,0.0,1996-04-01,9999-12-31
01RT050C,'BELIHULOYA UPPER DIV','RATNAPURA',6.77 N,80.80 E,0.0,1996-11-16,9999-12-31
01RT0519,'VEDDAGALA','RATNAPURA',6.45 N,80.43 E,16.0,1947-09-01,1970-05-31
01RT0540,'WELLAWA','RATNAPURA',6.45 N,80.73 E,16.0,1931-01-15,1979-06-30
01RT077A,'DAUGALA','RATNAPURA',11.18 N,11.18 E,8.0,1961-06-01,1962-09-30
01RT078A,'DEERWOOD','RATNAPURA',6.80 N,80.38 E,0.0,1993-01-01,9999-12-31
01RT082B,'DELGODA','RATNAPURA',6.48 N,80.40 E,0.0,1958-02-01,1963-07-31
01RT085A,'DENIYAYA','MATARA',6.33 N,80.55 E,16.0,1952-06-01,1962-04-30
01RT111A,"'EMBILIPITIYA,IRRIG.TANK'",'RATNAPURA',6.33 N,80.85 E,16.0,1915-09-01,9999-12-31
01RT111B,"'EMBILIPITIYA,WATER S&DB'",'RATNAPURA',11.18 N,11.18 E,16.0,1987-01-01,1991-06-30
01RT111C,"'EMBILIPITIYA,COCONUT NUR'",'RATNAPURA',11.18 N,11.18 E,16.0,1992-01-01,9999-12-31
01RT120A,'GALABODA ESTATE','RATNAPURA',6.70 N,80.47 E,1.0,1990-08-01,9999-12-31
01RT128A,'GANGEYAYA','RATNAPURA',6.37 N,80.83 E,0.0,1995-05-01,9999-12-31
01RT130B,'GAWARAGIRIYA','RATNAPURA',6.67 N,80.23 E,260.0,2001-09-01,9999-12-31
01RT140D,'GURULUWANA','RATNAPURA',6.75 N,80.43 E,0.0,2004-10-01,9999-12-31
01RT177B,'ILLUBULUWA ESTATE','RATNAPURA',6.68 N,80.32 E,90.0,2007-01-16,9999-12-31
01RT196A,'KALAWANA','RATNAPURA',6.48 N,80.38 E,0.0,2005-11-01,9999-12-31
01RT199A,'KALUGALA GROUP','RATNAPURA',6.78 N,80.22 E,16.0,1957-01-01,1981-09-30
01RT258A,'KUDAWA','RATNAPURA',6.43 N,80.42 E,16.0,1980-01-01,9999-12-31
01RT264A,"'KUTTIGALA,CHANDRIKAWEWA'",'RATNAPURA',6.25 N,80.90 E,16.0,1989-01-01,9999-12-31
01RT269A,'LAUDERDALE GROUP','RATNAPURA',6.42 N,80.62 E,16.0,1955-01-01,9999-12-31
01RT269B,"'LANDSDOWN,MIDDLE DIV'",'RATNAPURA',6.67 N,80.47 E,0.0,1996-04-01,9999-12-31
01RT271A,'LELLOPITIYA ESTATE','RATNAPURA',6.68 N,80.50 E,16.0,1954-12-01,9999-12-31
01RT281A,'MADALAGAMA','RATNAPURA',6.55 N,80.53 E,16.0,1989-01-01,9999-12-31
01RT323B,'MEDABEDDA','RATNAPURA',6.65 N,80.88 E,0.0,1990-01-01,9999-12-31
01RT328B,'MEETIAGODA','RATNAPURA',6.17 N,80.08 E,0.0,1996-01-01,9999-12-31
01RT345A,'MORAHELA','RATNAPURA',6.67 N,80.67 E,0.0,1995-07-01,9999-12-31
01RT351A,'MUDUNKOTUWA','RATNAPURA',6.77 N,80.28 E,65.0,2010-01-20,9999-12-31
01RT382B,'NON PAREIL (BELIHULOYA)','RATNAPURA',6.75 N,80.78 E,0.0,1996-04-01,9999-12-31
01RT389A,'OPATA','GALLE',11.18 N,*****,0.0,1941-01-01,9999-12-31
01RT428A,'POOLE ESTATE','KEGALLE',6.87 N,80.35 E,11.0,1989-05-01,9999-12-31
01RT481B,'SOORIYAKANDA','RATNAPURA',6.43 N,80.63 E,884.0,2003-07-01,9999-12-31
01RT485E,'TELIGAMA','RATNAPURA',7.00 N,80.38 E,1111.0,1990-01-01,9999-12-31
01RT505A,'UDAWALAWE','RATNAPURA',6.42 N,80.82 E,16.0,1964-03-01,9999-12-31
01RT506A,'USWEWA','RATNAPURA',6.23 N,80.92 E,16.0,1989-01-01,9999-12-31
01RT513C,'USSANGODA DIVISION','RATNAPURA',6.77 N,80.38 E,0.0,1993-01-01,9999-12-31
01RT513C,'USSANGODA DIVISION','RATNAPURA',6.77 N,80.38 E,0.0,1993-01-01,9999-12-31
01RT533A,'WATAPOTA ESTATE','RATNAPURA',6.57 N,80.52 E,16.0,1955-01-01,1963-10-31
01RT539A,'WELLANDURA ESTATE','RATNAPURA',6.53 N,80.57 E,16.0,1955-01-01,9999-12-31
01RT539B,'WELLANDURA TEA FACTORY','RATNAPURA',6.55 N,80.57 E,0.0,1993-01-01,9999-12-31
01TC0004,'ALLAI TANK','TRINCOMALEE',8.40 N,81.32 E,6.1,1879-03-01,9999-12-31
01TC0014,'ANDANKULAM TANK','TRINCOMALEE',8.60 N,81.18 E,16.0,1890-12-01,1972-12-31
01TC0137,'GOMARANKADAWELA DSPNSRY','TRINCOMALEE',8.67 N,80.95 E,16.0,1937-01-01,1976-10-31
01TC0194,'KAL AAR','TRINCOMALEE',8.30 N,81.27 E,12.2,1941-01-01,9999-12-31
01TC0215,'KANTALAI TANK','TRINCOMALEE',8.35 N,80.98 E,76.2,1879-01-01,9999-12-31
01TC0257,'KUCHCHAVELI','TRINCOMALEE',8.82 N,81.10 E,16.0,1952-09-01,1978-09-30
01TC0349,'MORAWEWA IRRIGATION','TRINCOMALEE',8.58 N,81.00 E,16.0,1970-01-01,1987-12-31
01TC0389,'OOPAR ESTATE','TRINCOMALEE',8.47 N,81.20 E,16.0,1928-04-01,1973-12-31
01TC0395,"'PALAMPODDAR,THAMBALAGAMU'",'TRINCOMALEE',8.55 N,81.07 E,16.0,1944-02-01,9999-12-31
01TC0420,'PERIYAKULAM','TRINCOMALEE',8.65 N,81.18 E,16.0,1876-01-01,1985-12-31
01TC0433,'PULMODDAI','TRINCOMALEE',8.95 N,80.98 E,16.0,1952-01-01,1977-12-31
01TC0498,'TIRIYAI','TRINCOMALEE',8.87 N,81.02 E,16.0,1943-03-01,1968-12-31
01TC0499,'TRINCOMALEE AGRICULTURE','TRINCOMALEE',8.60 N,81.22 E,16.0,1966-10-01,1983-12-31
01TC065A,'CHINA BAY','TRINCOMALEE',8.57 N,81.18 E,0.0,1960-11-01,1984-12-31
01TC176A,'ILLAKANTAI','TRINCOMALEE',8.47 N,81.33 E,16.0,1956-08-01,1991-04-30
01TC215A,'KANTALAI-SUGAR RES.INST.','TRINCOMALEE',8.43 N,81.07 E,16.0,1989-02-01,9999-12-31
01TC223A,'KARUMBURAPIDDI','TRINCOMALEE',8.73 N,81.15 E,1.0,1989-01-01,1990-05-31
01TC260A,'KUMBURUPIDDI SALTERN','TRINCOMALEE',8.73 N,81.15 E,16.0,1981-01-01,9999-12-31
01TC367A,'NILAVELLI','TRINCOMALEE',8.67 N,81.20 E,16.0,1967-03-01,1990-05-31
01TC402A,'PAMBURUGASWEWA','TRINCOMALEE',8.75 N,80.90 E,16.0,1956-01-01,1976-12-31
01TC405A,'PANKULAM','TRINCOMALEE',8.63 N,81.05 E,16.0,1949-01-01,1963-12-31
01TC511B,'UPPUVELI','TRINCOMALEE',8.62 N,81.22 E,16.0,1965-01-01,1974-12-31
01VA0063,'CHEDDIKULAM','VAVUNIYA',8.67 N,80.30 E,16.0,1951-06-01,1989-11-30
01VA0203,'KANAKARAYANKULAM','VAVUNIYA',9.05 N,80.52 E,32.0,1927-01-01,9999-12-31
01VA0355,'MURIKANDY','VAVUNIYA',9.28 N,80.40 E,16.0,1951-06-01,1971-12-31
01VA0371,'NEDUNKERNY','VAVUNIYA',9.07 N,80.67 E,16.0,1894-01-01,1971-10-31
01VA0386,'OMANTAI','VAVUNIYA',8.87 N,80.50 E,16.0,1951-06-01,1977-07-31
01VA0432,'PULIYANKULAM REST HOUSE','VAVUNIYA',8.95 N,80.52 E,16.0,1921-09-01,1976-08-31
01VA0439,'PUVARASANKULAM FOREST','VAVUNIYA',8.75 N,80.37 E,16.0,1939-01-01,1968-12-31
01VA0517,'VAVUNIYA AGRICULTURE','VAVUNIYA',8.77 N,80.48 E,16.0,1927-04-01,9999-12-31
01VA0518,'VAVUNIYA P.W.D.','VAVUNIYA',8.75 N,80.50 E,16.0,1879-01-01,9999-12-31
01VA250A,'KOKKILAY','VAVUNIYA',9.00 N,80.95 E,16.0,1956-11-01,1984-11-30
01VA414A,'PAVATKULAM','VAVUNIYA',8.68 N,80.43 E,16.0,1955-11-01,9999-12-31
01VA436B,'PUTHUKUDIRIPPU','MULLAITIVU',9.32 N,80.70 E,16.0,1956-12-01,1963-12-31
01VA509A,'UNCHALKADY','VAVUNIYA',8.97 N,80.65 E,16.0,1957-01-01,1966-12-31
01XX0081,'DEIYANDARA','UNKNOWN',11.18 N,11.18 E,16.0,1951-01-01,1957-12-31
01XX0092,'DIWULANA','UNKNOWN',7.47 N,81.60 E,16.0,1879-01-01,1920-12-31
01XX0116,'FIGLAND','UNKNOWN',11.18 N,11.18 E,16.0,1949-01-01,1956-12-31
01XX0241,'KILIVEDDY','TRINCOMALEE',8.35 N,81.28 E,16.0,1951-01-01,1953-12-31
01XX0278,'LECCOMBE ESTATE','KANDY',6.87 N,80.53 E,16.0,1902-02-01,1963-12-31
01XX0323,'MEDAGAMA','BADULLA',7.03 N,81.28 E,16.0,1906-04-01,1963-09-30
01XX0352,'MUDUMPITA','UNKNOWN',7.47 N,80.33 E,16.0,1950-07-01,1977-03-31
01XX0457,'RUGAM TANK','BATTICALOA',7.67 N,81.48 E,16.0,1868-10-17,1972-12-31
01XX0473,'ST.ANNES ESTATE','PUTTALAM',8.08 N,79.73 E,16.0,1952-01-01,1954-12-31
01XX0486,'TALDENA AGRICULTURE','HAMBANTOTA',7.08 N,81.05 E,16.0,1947-01-01,1953-12-31
01XX0513,'URUGALA','KANDY',7.28 N,80.82 E,16.0,1938-01-01,1961-05-31
01XX0530,'WARAHENA GROUP','UNKNOWN',11.18 N,11.18 E,16.0,1951-01-01,1964-12-31
01XX0549,'YAKALA','GAMPAHA',7.10 N,80.05 E,16.0,1948-01-01,1954-12-31
01XX157A,'HEMBARAWA','BADULLA',7.52 N,80.98 E,16.0,1953-10-01,1966-10-31
01XX176B,'ILLUKTENNE SCHOOL','UNKNOWN',7.17 N,80.93 E,16.0,1931-01-01,1940-12-31
01XX253A,'KORAKEWA-PALUGAMA','UNKNOWN',11.18 N,11.18 E,16.0,1938-02-01,1963-06-30
01XX328A,'MELFORT','KANDY',6.12 N,80.63 E,1040.0,1991-04-01,9999-12-31
01XX356B,'MUWAPITIYA','KEGALLE',7.32 N,80.40 E,16.0,1964-01-01,1967-03-31
01XX359A,'NADUMODARE','TRINCOMALEE',8.17 N,81.22 E,16.0,1964-06-15,1976-05-31
01XX425A,'POLGAHENA ESTATE','UNKNOWN',11.18 N,11.18 E,16.0,1969-01-01,1978-12-31
01XX433A,'PULUKUNAVI','BATTICALOA',7.55 N,81.63 E,16.0,1908-12-01,1992-07-31
01XX436A,'PUTHUMURIPPU','UNKNOWN',11.18 N,11.18 E,16.0,1956-01-01,1958-09-30
01XX466A,'SELLANKANDAL','PUTTALAM',8.03 N,79.88 E,16.0,1958-05-01,1981-12-31
01XX481a,'SURIYAWEWA','HAMBANTOTA',6.32 N,80.00 E,200.0,1965-01-01,1965-01-01
01XX481A,'SURIYAWEWA','HAMBANTOTA',6.32 N,80.00 E,200.0,1965-01-01,9999-12-31
01XX481A,'SURIYAWEWA','HAMBANTOTA',6.32 N,80.00 E,200.0,1965-01-01,9999-01-01
01XX487A,'TAMPALAKAMAM','TRINCOMALEE',8.50 N,81.10 E,16.0,1951-01-01,1953-12-31
01XX504B,'UDAMATTALA','UNKNOWN',11.18 N,11.18 E,16.0,1954-07-01,1963-12-31
02043410,"'VAVUNIYA, AGMET'",'VAVUNIYA',8.75 N,80.50 E,106.0,1997-01-01,9999-12-31
02043422,"'MAHA ILLUPPALLAMA, AGMET'",'ANURADHAPURA',8.12 N,80.47 E,137.8,1975-09-01,9999-12-31
02043424,"'PUTTALAM, AGMET'",'PUTTALAM',8.03 N,79.83 E,2.1,1993-02-09,9999-12-31
02043441,"'KURUNEGALA, AGMET'",'KURUNEGALA',7.47 N,80.37 E,116.0,1993-04-01,9999-12-31
02043466,"'COLOMBO, AGROMET'",'COLOMBO',6.90 N,79.87 E,7.3,1976-01-01,9999-12-31
02043486,"'RATNAPURA,AGMET'",'RATNAPURA',6.68 N,80.40 E,34.4,1994-10-01,9999-12-31
02AN0019,"'MARADANKADAWALA,AGMET'",'ANURADHAPURA',8.13 N,80.55 E,0.0,1987-02-26,9999-12-31
02BD0007,"'BANDARAWELA,AGMET'",'BADULLA',6.83 N,80.98 E,0.0,1975-03-14,9999-12-31
02BD0016,"'GIRANDURUKOTTE,AGMET'",'BADULLA',7.40 N,81.08 E,292.0,1976-04-02,9999-12-31
02BD0025,"'PASSARA,AGMET'",'BADULLA',6.92 N,81.13 E,96.0,1990-01-01,9999-12-31
02BD0030,"'ULHITIYA,AGMET'",'BADULLA',7.42 N,81.05 E,0.0,1992-05-11,9999-12-31
02GL0018,"'KOTTAWA,AGMET'",'GALLE',6.08 N,80.32 E,18.0,1976-05-14,9999-12-31
02HT0009,"'ANGUNAKOLAPELESSA,AGMET'",'HAMBANTOTA',6.17 N,80.88 E,0.0,1975-01-01,9999-12-31
02HT0040,'WEERAWILA AGMET','HAMBANTOTA',6.28 N,81.23 E,0.0,1996-07-10,9999-12-31
02JF0011,"'THIRUNALVALI,AGMET'",'JAFFNA',9.68 N,80.03 E,3.0,1975-06-25,9999-12-31
02KG0014,"'BATALAGODA,AGMET'",'KURUNEGALA',7.52 N,80.45 E,0.0,1976-01-01,9999-12-31
02KG0021,"'MAKANDURA,AGMET'",'KURUNEGALA',7.32 N,79.97 E,0.1,1989-04-02,9999-12-31
02KG0038,"'MAHAWA, AGMET'",'KURUNEGALA',7.82 N,80.28 E,0.0,1996-07-02,9999-12-31
02KT0005,"'AGALAWATTA,AGMET'",'KALUTARA',6.53 N,80.15 E,0.0,1978-01-01,9999-12-31
02KT0015,"'BOMBUWELA,AGMET'",'KALUTARA',6.57 N,80.02 E,0.0,1976-02-22,9999-12-31
02KY0002,"'PERADENIYA,AGMET'",'KANDY',7.25 N,80.60 E,488.0,1974-09-15,9999-12-31
02KY0003,"'KUNDASALE,AGMET'",'KANDY',7.27 N,80.68 E,0.0,1974-11-07,9999-12-31
02KY0028,"'KOTMALE,AGMET'",'KANDY',7.08 N,80.58 E,716.0,1991-07-30,9999-12-31
02KY0029,"'RANDENIGALA,AGMET'",'KANDY',7.22 N,80.93 E,0.0,1991-07-30,9999-12-31
02KY0032,"'VICTORIA,AGMET'",'KANDY',7.20 N,80.83 E,488.0,1992-07-01,9999-12-31
02KY0033,'POLGOLLA AGMET','KANDY',7.32 N,80.65 E,440.8,1994-01-01,9999-12-31
02MG0039,'MONERAGAGALA AGMET','MONARAGALA',6.87 N,81.35 E,146.0,1996-07-02,9999-12-31
02ML0017,"'MATALE,AGMET'",'MATALE',7.47 N,80.62 E,357.0,1976-07-09,9999-12-31
02MT0023,"'DENIYAYA,AGMET'",'MATARA',6.33 N,80.55 E,250.0,1989-12-01,9999-12-31
02NE0006,"'SITA ELIYA,AGMET'",'NUWARA ELIYA',6.93 N,80.80 E,1860.0,1975-02-17,9999-12-31
02NE0020,"'NORWOOD,AGMET'",'NUWARA ELIYA',6.83 N,80.62 E,1090.0,1989-09-21,9999-12-31
02NE0024,"'TALAWAKELLE,AGMET'",'NUWARA ELIYA',6.93 N,80.67 E,1500.0,1989-01-01,9999-12-31
02PL0026,"'ARALAGANWILA,AGMET'",'POLONNARUWA',7.68 N,81.18 E,0.0,1990-01-01,9999-12-31
02PL0042,"'MADURU OYA, AGMET'",'POLONNARUWA',7.80 N,81.13 E,16.0,1997-01-01,1999-12-31
02PU0012,"'LUNUWILA,AGMET'",'PUTTALAM',7.33 N,79.87 E,30.0,1975-10-01,9999-12-31
02PU0013,"'ELUVANKULAMA,AGMET'",'PUTTALAM',8.27 N,79.85 E,100.0,1975-09-29,9999-12-31
02PU0027,"'AMBEKELLE,AGMET'",'PUTTALAM',7.68 N,79.88 E,0.0,1990-01-01,9999-12-31
02PU0037,'RATHMALAGARA AGMET','PUTTALAM',7.55 N,79.90 E,28.0,1996-01-01,9999-12-31
02RT0004,"'RATNAPURA,AGMET'",'RATNAPURA',6.68 N,80.40 E,0.0,1975-10-01,9999-12-31
02RT0022,"'SEVANAGALA,AGMET'",'RATNAPURA',6.33 N,80.85 E,77.0,1989-01-01,9999-12-31
02RT0031,"'UDAWALAWE,AGMET'",'RATNAPURA',6.42 N,80.82 E,0.0,1992-09-01,9999-12-31
02TC0010,"'KANTALE,AGMET'",'TRINCOMALEE',8.38 N,81.05 E,0.0,1975-05-09,9999-12-31
